epiweek,time_value,issue,geo_type,geo_value,week,date,sarscov2_tests,sarscov2_positive_tests,flu_tests,flu_positive_tests,flu_ah1pdm09_positive_tests,flu_ah3_positive_tests,flu_auns_positive_tests,flua_positive_tests,flub_positive_tests,rsv_tests,rsv_positive_tests,hpiv_tests,adv_tests,adv_positive_tests,hmpv_tests,hmpv_positive_tests,ev_rv_tests,ev_rv_positive_tests,hcov_tests,hcov_positive_tests,hpiv_positive_tests,hcov_pct_positive,hmpv_pct_positive,sarscov2_pct_positive,rsv_pct_positive,hpiv_pct_positive,flu_pct_positive,adv_pct_positive,ev_rv_pct_positive,flua_pct_positive,flub_pct_positive
202439,2024-09-28,2024-10-03,lab,nl,35,2024-08-31,523.0,69.0,413.0,0.0,0.0,0.0,0.0,0.0,0.0,413.0,0.0,413.0,413.0,9.0,413.0,1.0,413.0,28.0,413.0,2.0,6.0,0.48426150121065376,0.24213075060532688,13.193116634799235,0.0,1.4527845036319613,0.0,2.1791767554479415,6.779661016949152,0.0,0.0
202439,2024-09-28,2024-10-03,lab,pe,35,2024-08-31,139.0,22.0,41.0,0.0,0.0,0.0,0.0,0.0,0.0,41.0,1.0,20.0,20.0,0.0,20.0,0.0,20.0,7.0,20.0,0.0,2.0,0.0,0.0,15.827338129496402,2.4390243902439024,10.0,0.0,0.0,35.0,0.0,0.0
202439,2024-09-28,2024-10-03,lab,ns,35,2024-08-31,1198.0,247.0,1143.0,2.0,0.0,0.0,1.0,1.0,1.0,1047.0,0.0,44.0,44.0,0.0,44.0,0.0,44.0,10.0,44.0,0.0,0.0,0.0,0.0,20.617696160267112,0.0,0.0,0.17497812773403326,0.0,22.727272727272727,0.08748906386701663,0.08748906386701663
202439,2024-09-28,2024-10-03,lab,nb,35,2024-08-31,1073.0,180.0,645.0,0.0,0.0,0.0,0.0,0.0,0.0,645.0,1.0,99.0,99.0,1.0,99.0,0.0,99.0,12.0,99.0,1.0,0.0,1.0101010101010102,0.0,16.775396085740912,0.15503875968992248,0.0,0.0,1.0101010101010102,12.121212121212121,0.0,0.0
202439,2024-09-28,2024-10-03,region,atlantic,35,2024-08-31,2933.0,518.0,2242.0,2.0,0.0,0.0,1.0,1.0,1.0,2146.0,2.0,576.0,576.0,10.0,576.0,1.0,576.0,57.0,576.0,3.0,8.0,0.5208333333333333,0.1736111111111111,17.66109785202864,0.09319664492078285,1.3888888888888888,0.08920606601248886,1.7361111111111112,9.895833333333332,0.04460303300624443,0.04460303300624443
202439,2024-09-28,2024-10-03,lab,région nord-est,35,2024-08-31,1271.0,235.0,1060.0,0.0,0.0,0.0,0.0,0.0,0.0,465.0,0.0,132.0,132.0,1.0,121.0,2.0,132.0,21.0,132.0,1.0,2.0,0.7575757575757576,1.6528925619834711,18.48937844217152,0.0,1.5151515151515151,0.0,0.7575757575757576,15.909090909090908,0.0,0.0
202439,2024-09-28,2024-10-03,lab,québec-chaudière-appalaches,35,2024-08-31,1512.0,288.0,1109.0,3.0,0.0,0.0,2.0,2.0,1.0,1109.0,11.0,513.0,530.0,13.0,515.0,8.0,546.0,77.0,456.0,10.0,5.0,2.1929824561403506,1.5533980582524272,19.047619047619047,0.9918845807033363,0.9746588693957114,0.2705139765554554,2.4528301886792456,14.102564102564102,0.18034265103697023,0.09017132551848511
202439,2024-09-28,2024-10-03,lab,centre-du-québec,35,2024-08-31,2178.0,570.0,694.0,0.0,0.0,0.0,0.0,0.0,0.0,476.0,5.0,29.0,29.0,0.0,29.0,0.0,29.0,5.0,30.0,1.0,0.0,3.3333333333333335,0.0,26.170798898071624,1.050420168067227,0.0,0.0,0.0,17.24137931034483,0.0,0.0
202439,2024-09-28,2024-10-03,lab,montréal-laval,35,2024-08-31,1882.0,424.0,1401.0,3.0,0.0,0.0,2.0,2.0,1.0,1268.0,26.0,746.0,746.0,6.0,747.0,1.0,773.0,70.0,746.0,4.0,18.0,0.5361930294906166,0.13386880856760375,22.52922422954304,2.050473186119874,2.4128686327077746,0.21413276231263384,0.8042895442359249,9.055627425614489,0.14275517487508924,0.07137758743754462
202439,2024-09-28,2024-10-03,lab,ouest du québec,35,2024-08-31,1262.0,319.0,650.0,2.0,0.0,0.0,2.0,2.0,0.0,650.0,10.0,28.0,28.0,1.0,28.0,0.0,28.0,10.0,28.0,0.0,1.0,0.0,0.0,25.277337559429476,1.5384615384615385,3.571428571428571,0.3076923076923077,3.571428571428571,35.714285714285715,0.3076923076923077,0.0
202439,2024-09-28,2024-10-03,lab,montérégie,35,2024-08-31,1335.0,311.0,1130.0,1.0,0.0,0.0,1.0,1.0,0.0,1130.0,5.0,8.0,8.0,0.0,8.0,0.0,15.0,1.0,8.0,0.0,0.0,0.0,0.0,23.295880149812735,0.4424778761061947,0.0,0.08849557522123894,0.0,6.666666666666667,0.08849557522123894,0.0
202439,2024-09-28,2024-10-03,region,qc,35,2024-08-31,9440.0,2147.0,6044.0,9.0,0.0,0.0,7.0,7.0,2.0,5098.0,57.0,1456.0,1473.0,21.0,1448.0,11.0,1523.0,184.0,1400.0,16.0,26.0,1.1428571428571428,0.7596685082872928,22.74364406779661,1.118085523734798,1.7857142857142856,0.14890800794176043,1.4256619144602851,12.081418253447143,0.1158173395102581,0.03309066843150232
202439,2024-09-28,2024-10-03,lab,phol - ottawa,35,2024-08-31,148.0,80.0,105.0,0.0,0.0,0.0,0.0,0.0,0.0,105.0,0.0,56.0,56.0,0.0,56.0,0.0,56.0,3.0,56.0,0.0,4.0,0.0,0.0,54.054054054054056,0.0,7.142857142857142,0.0,0.0,5.357142857142857,0.0,0.0
202439,2024-09-28,2024-10-03,lab,eorla,35,2024-08-31,802.0,85.0,383.0,0.0,0.0,0.0,0.0,0.0,0.0,383.0,2.0,29.0,29.0,0.0,29.0,0.0,29.0,6.0,29.0,0.0,0.0,0.0,0.0,10.598503740648379,0.5221932114882507,0.0,0.0,0.0,20.689655172413794,0.0,0.0
202439,2024-09-28,2024-10-03,lab,phol - kingston,35,2024-08-31,260.0,106.0,149.0,0.0,0.0,0.0,0.0,0.0,0.0,149.0,1.0,63.0,63.0,0.0,63.0,0.0,63.0,0.0,63.0,1.0,0.0,1.5873015873015872,0.0,40.76923076923077,0.6711409395973155,0.0,0.0,0.0,0.0,0.0,0.0
202439,2024-09-28,2024-10-03,lab,phol - peterborough,35,2024-08-31,68.0,35.0,73.0,0.0,0.0,0.0,0.0,0.0,0.0,73.0,2.0,40.0,40.0,0.0,40.0,0.0,40.0,1.0,40.0,1.0,1.0,2.5,0.0,51.470588235294116,2.73972602739726,2.5,0.0,0.0,2.5,0.0,0.0
202439,2024-09-28,2024-10-03,lab,phol - toronto,35,2024-08-31,364.0,84.0,629.0,4.0,6.0,1.0,0.0,4.0,0.0,629.0,0.0,583.0,583.0,6.0,583.0,7.0,583.0,76.0,583.0,3.0,24.0,0.5145797598627788,1.2006861063464835,23.076923076923077,0.0,4.1166380789022305,0.6359300476947536,1.0291595197255576,13.036020583190394,0.6359300476947536,0.0
202439,2024-09-28,2024-10-03,lab,uhn / mount sinai hospital,35,2024-08-31,936.0,79.0,903.0,2.0,0.0,0.0,1.0,1.0,1.0,903.0,0.0,87.0,87.0,0.0,87.0,0.0,87.0,6.0,87.0,0.0,3.0,0.0,0.0,8.44017094017094,0.0,3.4482758620689653,0.22148394241417496,0.0,6.896551724137931,0.11074197120708748,0.11074197120708748
202439,2024-09-28,2024-10-03,lab,sick kids hospital - toronto,35,2024-08-31,83.0,9.0,133.0,0.0,0.0,0.0,0.0,0.0,0.0,133.0,0.0,133.0,133.0,2.0,133.0,0.0,133.0,18.0,133.0,0.0,3.0,0.0,0.0,10.843373493975903,0.0,2.2556390977443606,0.0,1.5037593984962405,13.533834586466165,0.0,0.0
202439,2024-09-28,2024-10-03,lab,shared hospital laboratory,35,2024-08-31,1427.0,164.0,1006.0,2.0,1.0,0.0,1.0,2.0,0.0,1006.0,4.0,980.0,980.0,2.0,1004.0,0.0,1004.0,39.0,1004.0,1.0,11.0,0.099601593625498,0.0,11.492641906096706,0.3976143141153081,1.1224489795918366,0.19880715705765406,0.20408163265306123,3.8844621513944224,0.19880715705765406,0.0
202439,2024-09-28,2024-10-03,lab,phol - hamilton,35,2024-08-31,48.0,10.0,46.0,7.0,0.0,7.0,0.0,7.0,0.0,46.0,0.0,40.0,40.0,1.0,40.0,0.0,40.0,5.0,40.0,0.0,1.0,0.0,0.0,20.833333333333336,0.0,2.5,15.217391304347828,2.5,12.5,15.217391304347828,0.0
202439,2024-09-28,2024-10-03,lab,st joseph's - hamilton,35,2024-08-31,1443.0,148.0,1341.0,4.0,0.0,0.0,4.0,4.0,0.0,1341.0,3.0,1341.0,1341.0,0.0,1341.0,0.0,1341.0,75.0,0.0,0.0,3.0,0.0,0.0,10.256410256410255,0.22371364653243847,0.22371364653243847,0.2982848620432513,0.0,5.592841163310962,0.2982848620432513,0.0
202439,2024-09-28,2024-10-03,lab,phol - london,35,2024-08-31,231.0,86.0,221.0,0.0,0.0,0.0,0.0,0.0,0.0,221.0,0.0,185.0,185.0,1.0,185.0,0.0,185.0,11.0,185.0,1.0,3.0,0.5405405405405406,0.0,37.22943722943723,0.0,1.6216216216216217,0.0,0.5405405405405406,5.9459459459459465,0.0,0.0
202439,2024-09-28,2024-10-03,lab,st joseph's - london,35,2024-08-31,490.0,77.0,69.0,1.0,0.0,0.0,0.0,0.0,1.0,69.0,1.0,68.0,68.0,1.0,68.0,0.0,68.0,6.0,68.0,1.0,0.0,1.4705882352941175,0.0,15.714285714285714,1.4492753623188406,0.0,1.4492753623188406,1.4705882352941175,8.823529411764707,0.0,1.4492753623188406
202439,2024-09-28,2024-10-03,lab,phol - orillia,35,2024-08-31,21.0,13.0,16.0,0.0,0.0,0.0,0.0,0.0,0.0,16.0,0.0,15.0,15.0,0.0,15.0,0.0,15.0,2.0,15.0,0.0,0.0,0.0,0.0,61.904761904761905,0.0,0.0,0.0,0.0,13.333333333333334,0.0,0.0
202439,2024-09-28,2024-10-03,lab,phol - sudbury,35,2024-08-31,11.0,1.0,16.0,0.0,0.0,0.0,0.0,0.0,0.0,16.0,0.0,11.0,11.0,0.0,11.0,0.0,11.0,1.0,11.0,0.0,0.0,0.0,0.0,9.090909090909092,0.0,0.0,0.0,0.0,9.090909090909092,0.0,0.0
202439,2024-09-28,2024-10-03,lab,phol - timmins,35,2024-08-31,28.0,4.0,25.0,0.0,0.0,0.0,0.0,0.0,0.0,25.0,0.0,10.0,10.0,1.0,10.0,0.0,10.0,1.0,10.0,0.0,0.0,0.0,0.0,14.285714285714285,0.0,0.0,0.0,10.0,10.0,0.0,0.0
202439,2024-09-28,2024-10-03,lab,phol - sault ste marie,35,2024-08-31,3.0,0.0,5.0,0.0,0.0,0.0,0.0,0.0,0.0,5.0,0.0,5.0,5.0,0.0,5.0,0.0,5.0,0.0,5.0,0.0,1.0,0.0,0.0,0.0,0.0,20.0,0.0,0.0,0.0,0.0,0.0
202439,2024-09-28,2024-10-03,lab,sault area hospital,35,2024-08-31,76.0,8.0,64.0,0.0,0.0,0.0,0.0,0.0,0.0,64.0,0.0,56.0,56.0,0.0,56.0,0.0,56.0,3.0,56.0,0.0,1.0,0.0,0.0,10.526315789473683,0.0,1.7857142857142856,0.0,0.0,5.357142857142857,0.0,0.0
202439,2024-09-28,2024-10-03,lab,phol - thunder bay,35,2024-08-31,20.0,6.0,21.0,0.0,0.0,0.0,0.0,0.0,0.0,21.0,0.0,21.0,21.0,0.0,21.0,0.0,21.0,1.0,21.0,0.0,2.0,0.0,0.0,30.0,0.0,9.523809523809524,0.0,0.0,4.761904761904762,0.0,0.0
202439,2024-09-28,2024-10-03,region,on,35,2024-08-31,6459.0,995.0,5205.0,20.0,7.0,8.0,6.0,18.0,2.0,5205.0,13.0,3723.0,3723.0,14.0,3747.0,7.0,3747.0,254.0,2406.0,8.0,57.0,0.3325020781379884,0.1868161195623165,15.404861433658462,0.24975984630163303,1.5310233682514103,0.38424591738712777,0.37604082728982,6.778756338404057,0.345821325648415,0.03842459173871278
202439,2024-09-28,2024-10-03,lab,mb,35,2024-08-31,1095.0,188.0,321.0,0.0,0.0,0.0,0.0,0.0,0.0,321.0,1.0,43.0,43.0,1.0,83.0,0.0,43.0,11.0,83.0,0.0,3.0,0.0,0.0,17.168949771689498,0.3115264797507788,6.976744186046512,0.0,2.3255813953488373,25.581395348837212,0.0,0.0
202439,2024-09-28,2024-10-03,lab,sk,35,2024-08-31,1091.0,131.0,868.0,32.0,14.0,0.0,17.0,31.0,1.0,776.0,2.0,322.0,322.0,10.0,322.0,1.0,322.0,43.0,322.0,0.0,2.0,0.0,0.3105590062111801,12.007332722273144,0.25773195876288657,0.6211180124223602,3.686635944700461,3.1055900621118013,13.354037267080745,3.571428571428571,0.1152073732718894
202439,2024-09-28,2024-10-03,lab,ab,35,2024-08-31,3141.0,320.0,936.0,8.0,5.0,3.0,0.0,8.0,0.0,849.0,1.0,849.0,849.0,9.0,788.0,1.0,843.0,119.0,849.0,3.0,9.0,0.35335689045936397,0.12690355329949238,10.187838268067495,0.11778563015312131,1.0600706713780919,0.8547008547008548,1.0600706713780919,14.116251482799525,0.8547008547008548,0.0
202439,2024-09-28,2024-10-03,region,prairies,35,2024-08-31,5327.0,639.0,2125.0,40.0,19.0,3.0,17.0,39.0,1.0,1946.0,4.0,1214.0,1214.0,20.0,1193.0,2.0,1208.0,173.0,1254.0,3.0,14.0,0.23923444976076555,0.16764459346186086,11.995494649896752,0.20554984583761562,1.1532125205930808,1.8823529411764703,1.6474464579901154,14.321192052980134,1.835294117647059,0.047058823529411764
202439,2024-09-28,2024-10-03,region,bc,35,2024-08-31,2571.0,484.0,2517.0,35.0,11.0,2.0,2.0,34.0,1.0,2517.0,12.0,621.0,621.0,2.0,621.0,9.0,617.0,55.0,617.0,1.0,9.0,0.1620745542949757,1.4492753623188406,18.82535978218592,0.47675804529201427,1.4492753623188406,1.3905442987683752,0.322061191626409,8.914100486223662,1.3508144616607072,0.03972983710766786
202439,2024-09-28,2024-10-03,lab,yk,35,2024-08-31,46.0,10.0,24.0,0.0,0.0,0.0,0.0,0.0,0.0,24.0,0.0,,,,,,,,,,0.0,,,21.73913043478261,0.0,,0.0,,,0.0,0.0
202439,2024-09-28,2024-10-03,lab,nt,35,2024-08-31,26.0,8.0,26.0,0.0,0.0,0.0,0.0,0.0,0.0,26.0,0.0,,26.0,0.0,26.0,0.0,26.0,11.0,,,0.0,,0.0,30.76923076923077,0.0,,0.0,0.0,42.30769230769231,0.0,0.0
202439,2024-09-28,2024-10-03,lab,nu,35,2024-08-31,107.0,5.0,82.0,0.0,0.0,0.0,0.0,0.0,0.0,82.0,0.0,,,,,,,,,,0.0,,,4.672897196261682,0.0,,0.0,,,0.0,0.0
202439,2024-09-28,2024-10-03,region,territories,35,2024-08-31,179.0,23.0,132.0,0.0,0.0,0.0,0.0,0.0,0.0,132.0,0.0,,26.0,0.0,26.0,0.0,26.0,11.0,,,0.0,,0.0,12.849162011173185,0.0,,0.0,0.0,42.30769230769231,0.0,0.0
202439,2024-09-28,2024-10-03,nation,ca,35,2024-08-31,26909.0,4806.0,18265.0,106.0,37.0,13.0,33.0,99.0,7.0,17044.0,88.0,7590.0,7633.0,67.0,7611.0,30.0,7697.0,734.0,6253.0,31.0,114.0,0.4957620342235727,0.3941663381947182,17.860195473633354,0.5163107251818821,1.5019762845849802,0.5803449219819327,0.877767588104284,9.536182928413668,0.5420202573227484,0.03832466465918423
202439,2024-09-28,2024-10-03,lab,nl,36,2024-09-07,511.0,74.0,417.0,0.0,0.0,0.0,0.0,0.0,0.0,417.0,0.0,417.0,417.0,4.0,417.0,2.0,417.0,46.0,417.0,1.0,7.0,0.2398081534772182,0.4796163069544364,14.481409001956946,0.0,1.6786570743405276,0.0,0.9592326139088728,11.031175059952037,0.0,0.0
202439,2024-09-28,2024-10-03,lab,pe,36,2024-09-07,123.0,25.0,38.0,0.0,0.0,0.0,0.0,0.0,0.0,38.0,0.0,11.0,11.0,1.0,11.0,0.0,11.0,4.0,11.0,0.0,0.0,0.0,0.0,20.32520325203252,0.0,0.0,0.0,9.090909090909092,36.36363636363637,0.0,0.0
202439,2024-09-28,2024-10-03,lab,ns,36,2024-09-07,1205.0,228.0,1162.0,2.0,0.0,0.0,2.0,2.0,0.0,1115.0,0.0,44.0,44.0,0.0,44.0,0.0,44.0,7.0,44.0,0.0,0.0,0.0,0.0,18.92116182572614,0.0,0.0,0.17211703958691912,0.0,15.909090909090908,0.17211703958691912,0.0
202439,2024-09-28,2024-10-03,lab,nb,36,2024-09-07,1064.0,176.0,648.0,0.0,0.0,0.0,0.0,0.0,0.0,648.0,0.0,105.0,105.0,3.0,105.0,0.0,105.0,16.0,105.0,1.0,0.0,0.9523809523809524,0.0,16.541353383458645,0.0,0.0,0.0,2.857142857142857,15.238095238095239,0.0,0.0
202439,2024-09-28,2024-10-03,region,atlantic,36,2024-09-07,2903.0,503.0,2265.0,2.0,0.0,0.0,2.0,2.0,0.0,2218.0,0.0,577.0,577.0,8.0,577.0,2.0,577.0,73.0,577.0,2.0,7.0,0.34662045060658575,0.34662045060658575,17.3269032035825,0.0,1.2131715771230502,0.08830022075055188,1.386481802426343,12.65164644714038,0.08830022075055188,0.0
202439,2024-09-28,2024-10-03,lab,région nord-est,36,2024-09-07,1322.0,271.0,1140.0,1.0,0.0,0.0,1.0,1.0,0.0,472.0,4.0,112.0,112.0,2.0,98.0,1.0,112.0,24.0,112.0,1.0,2.0,0.8928571428571428,1.0204081632653061,20.499243570347957,0.847457627118644,1.7857142857142856,0.08771929824561403,1.7857142857142856,21.428571428571427,0.08771929824561403,0.0
202439,2024-09-28,2024-10-03,lab,québec-chaudière-appalaches,36,2024-09-07,1436.0,286.0,1064.0,8.0,0.0,0.0,4.0,4.0,4.0,1063.0,20.0,507.0,524.0,12.0,507.0,0.0,529.0,82.0,433.0,15.0,5.0,3.4642032332563506,0.0,19.91643454038997,1.881467544684854,0.9861932938856016,0.7518796992481203,2.2900763358778624,15.500945179584122,0.37593984962406013,0.37593984962406013
202439,2024-09-28,2024-10-03,lab,centre-du-québec,36,2024-09-07,2251.0,572.0,806.0,1.0,0.0,0.0,1.0,1.0,0.0,589.0,11.0,38.0,38.0,1.0,38.0,0.0,38.0,8.0,40.0,1.0,1.0,2.5,0.0,25.410928476232787,1.8675721561969438,2.631578947368421,0.12406947890818859,2.631578947368421,21.052631578947366,0.12406947890818859,0.0
202439,2024-09-28,2024-10-03,lab,montréal-laval,36,2024-09-07,1911.0,377.0,1390.0,10.0,0.0,0.0,10.0,10.0,0.0,1230.0,12.0,720.0,720.0,7.0,724.0,2.0,750.0,66.0,720.0,4.0,14.0,0.5555555555555556,0.2762430939226519,19.727891156462583,0.975609756097561,1.9444444444444444,0.7194244604316548,0.9722222222222222,8.799999999999999,0.7194244604316548,0.0
202439,2024-09-28,2024-10-03,lab,ouest du québec,36,2024-09-07,1397.0,334.0,647.0,2.0,0.0,0.0,2.0,2.0,0.0,646.0,3.0,29.0,29.0,0.0,29.0,0.0,26.0,7.0,29.0,0.0,1.0,0.0,0.0,23.908375089477452,0.46439628482972134,3.4482758620689653,0.3091190108191654,0.0,26.923076923076923,0.3091190108191654,0.0
202439,2024-09-28,2024-10-03,lab,montérégie,36,2024-09-07,1416.0,340.0,1031.0,0.0,0.0,0.0,0.0,0.0,0.0,1030.0,10.0,6.0,6.0,0.0,6.0,0.0,14.0,1.0,6.0,0.0,0.0,0.0,0.0,24.01129943502825,0.9708737864077669,0.0,0.0,0.0,7.142857142857142,0.0,0.0
202439,2024-09-28,2024-10-03,region,qc,36,2024-09-07,9733.0,2180.0,6078.0,22.0,0.0,0.0,18.0,18.0,4.0,5030.0,60.0,1412.0,1429.0,22.0,1402.0,3.0,1469.0,188.0,1340.0,21.0,23.0,1.5671641791044775,0.21398002853067047,22.398027329703073,1.1928429423459244,1.6288951841359773,0.361961171437973,1.5395381385584324,12.79782164737917,0.29615004935834155,0.06581112207963145
202439,2024-09-28,2024-10-03,lab,phol - ottawa,36,2024-09-07,115.0,52.0,123.0,0.0,0.0,0.0,0.0,0.0,0.0,123.0,0.0,92.0,92.0,0.0,92.0,1.0,92.0,3.0,92.0,2.0,4.0,2.1739130434782608,1.0869565217391304,45.21739130434783,0.0,4.3478260869565215,0.0,0.0,3.260869565217391,0.0,0.0
202439,2024-09-28,2024-10-03,lab,eorla,36,2024-09-07,682.0,82.0,425.0,1.0,0.0,0.0,1.0,1.0,0.0,425.0,1.0,58.0,58.0,1.0,58.0,0.0,58.0,8.0,58.0,1.0,3.0,1.7241379310344827,0.0,12.023460410557185,0.2352941176470588,5.172413793103448,0.2352941176470588,1.7241379310344827,13.793103448275861,0.2352941176470588,0.0
202439,2024-09-28,2024-10-03,lab,phol - kingston,36,2024-09-07,201.0,129.0,105.0,0.0,0.0,0.0,0.0,0.0,0.0,105.0,0.0,67.0,67.0,0.0,67.0,0.0,67.0,0.0,67.0,0.0,0.0,0.0,0.0,64.17910447761194,0.0,0.0,0.0,0.0,0.0,0.0,0.0
202439,2024-09-28,2024-10-03,lab,phol - peterborough,36,2024-09-07,54.0,29.0,93.0,3.0,1.0,1.0,1.0,3.0,0.0,93.0,2.0,58.0,58.0,1.0,58.0,0.0,58.0,4.0,58.0,0.0,1.0,0.0,0.0,53.70370370370371,2.1505376344086025,1.7241379310344827,3.225806451612903,1.7241379310344827,6.896551724137931,3.225806451612903,0.0
202439,2024-09-28,2024-10-03,lab,phol - toronto,36,2024-09-07,372.0,121.0,642.0,0.0,2.0,1.0,0.0,0.0,0.0,643.0,0.0,571.0,571.0,4.0,570.0,5.0,571.0,55.0,570.0,3.0,29.0,0.5263157894736842,0.8771929824561403,32.526881720430104,0.0,5.078809106830122,0.0,0.7005253940455342,9.632224168126093,0.0,0.0
202439,2024-09-28,2024-10-03,lab,uhn / mount sinai hospital,36,2024-09-07,867.0,96.0,831.0,2.0,0.0,0.0,2.0,2.0,0.0,831.0,0.0,55.0,55.0,0.0,55.0,0.0,55.0,3.0,55.0,0.0,0.0,0.0,0.0,11.072664359861593,0.0,0.0,0.24067388688327318,0.0,5.454545454545454,0.24067388688327318,0.0
202439,2024-09-28,2024-10-03,lab,sick kids hospital - toronto,36,2024-09-07,83.0,1.0,119.0,0.0,0.0,0.0,0.0,0.0,0.0,119.0,2.0,119.0,119.0,3.0,119.0,0.0,119.0,28.0,119.0,0.0,7.0,0.0,0.0,1.2048192771084338,1.680672268907563,5.88235294117647,0.0,2.5210084033613445,23.52941176470588,0.0,0.0
202439,2024-09-28,2024-10-03,lab,shared hospital laboratory,36,2024-09-07,1193.0,109.0,902.0,1.0,0.0,1.0,0.0,1.0,0.0,904.0,4.0,872.0,871.0,2.0,897.0,2.0,897.0,32.0,896.0,1.0,6.0,0.11160714285714285,0.2229654403567447,9.136630343671417,0.4424778761061947,0.6880733944954129,0.11086474501108648,0.2296211251435132,3.5674470457079153,0.11086474501108648,0.0
202439,2024-09-28,2024-10-03,lab,phol - hamilton,36,2024-09-07,51.0,31.0,69.0,0.0,0.0,0.0,0.0,0.0,0.0,69.0,0.0,62.0,62.0,3.0,62.0,0.0,62.0,7.0,62.0,0.0,2.0,0.0,0.0,60.78431372549019,0.0,3.225806451612903,0.0,4.838709677419355,11.29032258064516,0.0,0.0
202439,2024-09-28,2024-10-03,lab,st joseph's - hamilton,36,2024-09-07,1319.0,121.0,1257.0,1.0,0.0,0.0,1.0,1.0,0.0,1257.0,4.0,1257.0,1257.0,1.0,1257.0,1.0,1257.0,70.0,0.0,0.0,7.0,0.0,0.07955449482895784,9.173616376042457,0.31821797931583135,0.5568814638027049,0.07955449482895784,0.07955449482895784,5.568814638027049,0.07955449482895784,0.0
202439,2024-09-28,2024-10-03,lab,phol - london,36,2024-09-07,197.0,80.0,181.0,1.0,0.0,1.0,0.0,1.0,0.0,181.0,0.0,151.0,151.0,0.0,151.0,0.0,151.0,6.0,151.0,1.0,4.0,0.6622516556291391,0.0,40.609137055837564,0.0,2.6490066225165565,0.5524861878453038,0.0,3.9735099337748347,0.5524861878453038,0.0
202439,2024-09-28,2024-10-03,lab,st joseph's - london,36,2024-09-07,549.0,80.0,48.0,0.0,0.0,0.0,0.0,0.0,0.0,48.0,0.0,49.0,49.0,0.0,49.0,0.0,49.0,3.0,49.0,0.0,0.0,0.0,0.0,14.571948998178508,0.0,0.0,0.0,0.0,6.122448979591836,0.0,0.0
202439,2024-09-28,2024-10-03,lab,phol - orillia,36,2024-09-07,5.0,4.0,10.0,0.0,0.0,0.0,0.0,0.0,0.0,10.0,0.0,10.0,10.0,0.0,10.0,0.0,10.0,0.0,10.0,0.0,0.0,0.0,0.0,80.0,0.0,0.0,0.0,0.0,0.0,0.0,0.0
202439,2024-09-28,2024-10-03,lab,phol - sudbury,36,2024-09-07,9.0,4.0,10.0,0.0,0.0,0.0,0.0,0.0,0.0,10.0,0.0,7.0,7.0,0.0,7.0,0.0,7.0,0.0,7.0,1.0,0.0,14.285714285714285,0.0,44.44444444444444,0.0,0.0,0.0,0.0,0.0,0.0,0.0
202439,2024-09-28,2024-10-03,lab,phol - timmins,36,2024-09-07,22.0,4.0,22.0,0.0,0.0,0.0,0.0,0.0,0.0,22.0,0.0,17.0,17.0,0.0,17.0,0.0,17.0,1.0,17.0,0.0,0.0,0.0,0.0,18.181818181818183,0.0,0.0,0.0,0.0,5.88235294117647,0.0,0.0
202439,2024-09-28,2024-10-03,lab,phol - sault ste marie,36,2024-09-07,1.0,0.0,3.0,0.0,0.0,0.0,0.0,0.0,0.0,3.0,0.0,3.0,3.0,0.0,3.0,0.0,3.0,0.0,3.0,0.0,0.0,0.0,0.0,0.0,0.0,0.0,0.0,0.0,0.0,0.0,0.0
202439,2024-09-28,2024-10-03,lab,sault area hospital,36,2024-09-07,62.0,3.0,56.0,0.0,0.0,0.0,0.0,0.0,0.0,56.0,0.0,53.0,53.0,0.0,53.0,0.0,53.0,5.0,53.0,0.0,0.0,0.0,0.0,4.838709677419355,0.0,0.0,0.0,0.0,9.433962264150944,0.0,0.0
202439,2024-09-28,2024-10-03,lab,phol - thunder bay,36,2024-09-07,31.0,10.0,33.0,0.0,0.0,0.0,0.0,0.0,0.0,33.0,0.0,31.0,31.0,0.0,31.0,0.0,31.0,0.0,31.0,0.0,5.0,0.0,0.0,32.25806451612903,0.0,16.129032258064516,0.0,0.0,0.0,0.0,0.0
202439,2024-09-28,2024-10-03,region,on,36,2024-09-07,5813.0,956.0,4929.0,9.0,3.0,4.0,5.0,9.0,0.0,4932.0,13.0,3532.0,3531.0,15.0,3556.0,9.0,3557.0,225.0,2298.0,9.0,68.0,0.39164490861618795,0.2530933633295838,16.445897127128852,0.2635847526358475,1.9252548131370328,0.18259281801582472,0.4248088360237893,6.325555243182457,0.18259281801582472,0.0
202439,2024-09-28,2024-10-03,lab,mb,36,2024-09-07,1136.0,215.0,414.0,1.0,0.0,0.0,1.0,1.0,0.0,414.0,0.0,78.0,78.0,2.0,97.0,0.0,78.0,25.0,97.0,0.0,6.0,0.0,0.0,18.926056338028168,0.0,7.6923076923076925,0.24154589371980675,2.564102564102564,32.05128205128205,0.24154589371980675,0.0
202439,2024-09-28,2024-10-03,lab,sk,36,2024-09-07,1140.0,151.0,828.0,7.0,0.0,0.0,5.0,5.0,2.0,759.0,1.0,322.0,322.0,3.0,322.0,0.0,322.0,60.0,322.0,2.0,3.0,0.6211180124223602,0.0,13.24561403508772,0.13175230566534915,0.9316770186335404,0.8454106280193237,0.9316770186335404,18.633540372670808,0.6038647342995169,0.24154589371980675
202439,2024-09-28,2024-10-03,lab,ab,36,2024-09-07,3290.0,393.0,1021.0,5.0,4.0,1.0,0.0,5.0,0.0,898.0,1.0,898.0,896.0,7.0,845.0,0.0,887.0,100.0,898.0,2.0,8.0,0.22271714922048996,0.0,11.945288753799392,0.11135857461024498,0.8908685968819599,0.4897159647404506,0.78125,11.273957158962796,0.4897159647404506,0.0
202439,2024-09-28,2024-10-03,region,prairies,36,2024-09-07,5566.0,759.0,2263.0,13.0,4.0,1.0,6.0,11.0,2.0,2071.0,2.0,1298.0,1296.0,12.0,1264.0,0.0,1287.0,185.0,1317.0,4.0,17.0,0.30372057706909644,0.0,13.636363636363635,0.09657170449058425,1.3097072419106317,0.5744586831639417,0.9259259259259258,14.374514374514375,0.4860804242156429,0.08837825894829872
202439,2024-09-28,2024-10-03,region,bc,36,2024-09-07,2807.0,535.0,2683.0,41.0,16.0,6.0,3.0,41.0,0.0,2709.0,2.0,715.0,715.0,9.0,715.0,4.0,712.0,86.0,712.0,0.0,12.0,0.0,0.5594405594405595,19.05949412183826,0.07382798080472498,1.6783216783216783,1.528140141632501,1.2587412587412588,12.07865168539326,1.528140141632501,0.0
202439,2024-09-28,2024-10-03,lab,yk,36,2024-09-07,33.0,6.0,24.0,0.0,0.0,0.0,0.0,0.0,0.0,24.0,0.0,,,,,,,,,,0.0,,,18.181818181818183,0.0,,0.0,,,0.0,0.0
202439,2024-09-28,2024-10-03,lab,nt,36,2024-09-07,42.0,10.0,42.0,0.0,0.0,0.0,0.0,0.0,0.0,42.0,0.0,,42.0,0.0,42.0,0.0,42.0,16.0,,,0.0,,0.0,23.809523809523807,0.0,,0.0,0.0,38.095238095238095,0.0,0.0
202439,2024-09-28,2024-10-03,lab,nu,36,2024-09-07,91.0,5.0,80.0,1.0,0.0,1.0,0.0,1.0,0.0,80.0,0.0,,,,,,,,,,0.0,,,5.4945054945054945,0.0,,1.25,,,1.25,0.0
202439,2024-09-28,2024-10-03,region,territories,36,2024-09-07,166.0,21.0,146.0,1.0,0.0,1.0,0.0,1.0,0.0,146.0,0.0,,42.0,0.0,42.0,0.0,42.0,16.0,,,0.0,,0.0,12.650602409638553,0.0,,0.684931506849315,0.0,38.095238095238095,0.684931506849315,0.0
202439,2024-09-28,2024-10-03,nation,ca,36,2024-09-07,26988.0,4954.0,18364.0,88.0,23.0,12.0,34.0,82.0,6.0,17106.0,77.0,7534.0,7590.0,66.0,7556.0,18.0,7644.0,773.0,6244.0,36.0,127.0,0.5765534913516976,0.2382212811011117,18.356306506595523,0.4501344557465217,1.6856915317228562,0.4791984317142235,0.8695652173913043,10.11250654107797,0.44652581137007186,0.0326726203441516
202439,2024-09-28,2024-10-03,lab,nl,37,2024-09-14,566.0,89.0,478.0,0.0,0.0,0.0,0.0,0.0,0.0,478.0,0.0,478.0,478.0,6.0,478.0,1.0,478.0,74.0,478.0,0.0,8.0,0.0,0.20920502092050208,15.724381625441698,0.0,1.6736401673640167,0.0,1.2552301255230125,15.481171548117153,0.0,0.0
202439,2024-09-28,2024-10-03,lab,pe,37,2024-09-14,130.0,16.0,42.0,0.0,0.0,0.0,0.0,0.0,0.0,42.0,0.0,16.0,16.0,1.0,16.0,0.0,16.0,7.0,16.0,1.0,0.0,6.25,0.0,12.307692307692308,0.0,0.0,0.0,6.25,43.75,0.0,0.0
202439,2024-09-28,2024-10-03,lab,ns,37,2024-09-14,1331.0,239.0,1258.0,1.0,0.0,0.0,1.0,1.0,0.0,1171.0,1.0,54.0,54.0,2.0,54.0,0.0,54.0,14.0,64.0,0.0,0.0,0.0,0.0,17.95642374154771,0.08539709649871904,0.0,0.0794912559618442,3.7037037037037033,25.925925925925924,0.0794912559618442,0.0
202439,2024-09-28,2024-10-03,lab,nb,37,2024-09-14,1158.0,198.0,776.0,0.0,0.0,0.0,0.0,0.0,0.0,776.0,0.0,150.0,150.0,3.0,150.0,0.0,150.0,26.0,150.0,3.0,0.0,2.0,0.0,17.098445595854923,0.0,0.0,0.0,2.0,17.333333333333336,0.0,0.0
202439,2024-09-28,2024-10-03,region,atlantic,37,2024-09-14,3185.0,542.0,2554.0,1.0,0.0,0.0,1.0,1.0,0.0,2467.0,1.0,698.0,698.0,12.0,698.0,1.0,698.0,121.0,708.0,4.0,8.0,0.5649717514124294,0.14326647564469913,17.017268445839875,0.040535062829347386,1.146131805157593,0.03915426781519186,1.7191977077363898,17.335243553008596,0.03915426781519186,0.0
202439,2024-09-28,2024-10-03,lab,région nord-est,37,2024-09-14,1647.0,369.0,1411.0,0.0,0.0,0.0,0.0,0.0,0.0,602.0,1.0,119.0,119.0,2.0,111.0,0.0,119.0,28.0,119.0,1.0,2.0,0.8403361344537815,0.0,22.404371584699454,0.16611295681063123,1.680672268907563,0.0,1.680672268907563,23.52941176470588,0.0,0.0
202439,2024-09-28,2024-10-03,lab,québec-chaudière-appalaches,37,2024-09-14,1784.0,344.0,1180.0,3.0,0.0,0.0,1.0,1.0,2.0,1180.0,6.0,593.0,607.0,9.0,593.0,1.0,618.0,113.0,537.0,10.0,1.0,1.86219739292365,0.16863406408094433,19.282511210762333,0.5084745762711864,0.16863406408094433,0.2542372881355932,1.4827018121911038,18.284789644012946,0.0847457627118644,0.1694915254237288
202439,2024-09-28,2024-10-03,lab,centre-du-québec,37,2024-09-14,2362.0,600.0,787.0,0.0,0.0,0.0,0.0,0.0,0.0,563.0,16.0,34.0,34.0,1.0,34.0,0.0,34.0,9.0,37.0,2.0,1.0,5.405405405405405,0.0,25.40220152413209,2.841918294849023,2.941176470588235,0.0,2.941176470588235,26.47058823529412,0.0,0.0
202439,2024-09-28,2024-10-03,lab,montréal-laval,37,2024-09-14,2146.0,405.0,1564.0,4.0,0.0,0.0,4.0,4.0,0.0,1381.0,28.0,821.0,821.0,4.0,821.0,0.0,852.0,93.0,821.0,9.0,19.0,1.0962241169305724,0.0,18.87232059645853,2.0275162925416366,2.3142509135200973,0.2557544757033248,0.48721071863580995,10.915492957746478,0.2557544757033248,0.0
202439,2024-09-28,2024-10-03,lab,ouest du québec,37,2024-09-14,1590.0,406.0,770.0,4.0,0.0,0.0,3.0,3.0,1.0,770.0,7.0,18.0,18.0,1.0,18.0,0.0,18.0,7.0,18.0,1.0,0.0,5.555555555555555,0.0,25.534591194968552,0.9090909090909091,0.0,0.5194805194805194,5.555555555555555,38.88888888888889,0.38961038961038963,0.12987012987012986
202439,2024-09-28,2024-10-03,lab,montérégie,37,2024-09-14,1559.0,372.0,1265.0,0.0,0.0,0.0,0.0,0.0,0.0,1265.0,17.0,2.0,2.0,0.0,2.0,0.0,9.0,0.0,2.0,0.0,0.0,0.0,0.0,23.86144964720975,1.3438735177865613,0.0,0.0,0.0,0.0,0.0,0.0
202439,2024-09-28,2024-10-03,region,qc,37,2024-09-14,11088.0,2496.0,6977.0,11.0,0.0,0.0,8.0,8.0,3.0,5761.0,75.0,1587.0,1601.0,17.0,1579.0,1.0,1650.0,250.0,1534.0,23.0,23.0,1.4993481095176011,0.06333122229259025,22.51082251082251,1.3018573164381184,1.4492753623188406,0.15766088576752185,1.061836352279825,15.151515151515152,0.11466246237637953,0.04299842339114232
202439,2024-09-28,2024-10-03,lab,phol - ottawa,37,2024-09-14,196.0,85.0,116.0,1.0,0.0,1.0,0.0,1.0,0.0,116.0,0.0,79.0,79.0,0.0,79.0,0.0,79.0,6.0,79.0,0.0,6.0,0.0,0.0,43.36734693877551,0.0,7.59493670886076,0.8620689655172413,0.0,7.59493670886076,0.8620689655172413,0.0
202439,2024-09-28,2024-10-03,lab,eorla,37,2024-09-14,777.0,93.0,469.0,0.0,0.0,0.0,0.0,0.0,0.0,469.0,7.0,39.0,39.0,0.0,39.0,0.0,39.0,6.0,39.0,0.0,0.0,0.0,0.0,11.96911196911197,1.4925373134328357,0.0,0.0,0.0,15.384615384615385,0.0,0.0
202439,2024-09-28,2024-10-03,lab,phol - kingston,37,2024-09-14,217.0,86.0,100.0,0.0,0.0,0.0,0.0,0.0,0.0,100.0,0.0,64.0,64.0,0.0,64.0,0.0,64.0,20.0,64.0,0.0,0.0,0.0,0.0,39.63133640552996,0.0,0.0,0.0,0.0,31.25,0.0,0.0
202439,2024-09-28,2024-10-03,lab,phol - peterborough,37,2024-09-14,48.0,19.0,86.0,0.0,0.0,0.0,0.0,0.0,0.0,86.0,2.0,52.0,52.0,0.0,52.0,0.0,52.0,5.0,52.0,0.0,1.0,0.0,0.0,39.58333333333333,2.3255813953488373,1.9230769230769231,0.0,0.0,9.615384615384617,0.0,0.0
202439,2024-09-28,2024-10-03,lab,phol - toronto,37,2024-09-14,671.0,228.0,822.0,2.0,3.0,4.0,0.0,2.0,0.0,822.0,0.0,710.0,710.0,4.0,710.0,1.0,710.0,95.0,710.0,6.0,19.0,0.8450704225352111,0.14084507042253522,33.97913561847988,0.0,2.676056338028169,0.24330900243309003,0.5633802816901409,13.380281690140844,0.24330900243309003,0.0
202439,2024-09-28,2024-10-03,lab,uhn / mount sinai hospital,37,2024-09-14,896.0,84.0,761.0,1.0,0.0,0.0,1.0,1.0,0.0,761.0,1.0,68.0,68.0,0.0,68.0,0.0,68.0,4.0,68.0,0.0,3.0,0.0,0.0,9.375,0.1314060446780552,4.411764705882353,0.1314060446780552,0.0,5.88235294117647,0.1314060446780552,0.0
202439,2024-09-28,2024-10-03,lab,sick kids hospital - toronto,37,2024-09-14,169.0,13.0,159.0,0.0,0.0,0.0,0.0,0.0,0.0,159.0,1.0,159.0,159.0,1.0,159.0,0.0,159.0,38.0,159.0,0.0,3.0,0.0,0.0,7.6923076923076925,0.628930817610063,1.8867924528301887,0.0,0.628930817610063,23.89937106918239,0.0,0.0
202439,2024-09-28,2024-10-03,lab,shared hospital laboratory,37,2024-09-14,1293.0,148.0,976.0,6.0,4.0,1.0,1.0,6.0,0.0,977.0,8.0,953.0,953.0,3.0,976.0,1.0,976.0,68.0,976.0,1.0,9.0,0.10245901639344263,0.10245901639344263,11.446249033255993,0.8188331627430911,0.944386149003148,0.6147540983606558,0.3147953830010493,6.967213114754098,0.6147540983606558,0.0
202439,2024-09-28,2024-10-03,lab,phol - hamilton,37,2024-09-14,123.0,53.0,137.0,0.0,0.0,0.0,0.0,0.0,0.0,137.0,0.0,93.0,93.0,0.0,93.0,1.0,93.0,11.0,93.0,0.0,5.0,0.0,1.0752688172043012,43.08943089430895,0.0,5.376344086021505,0.0,0.0,11.827956989247312,0.0,0.0
202439,2024-09-28,2024-10-03,lab,st joseph's - hamilton,37,2024-09-14,1526.0,176.0,1383.0,8.0,0.0,0.0,8.0,8.0,0.0,1383.0,6.0,1383.0,1383.0,5.0,1383.0,2.0,1383.0,121.0,0.0,0.0,0.0,0.0,0.14461315979754158,11.533420707732635,0.43383947939262474,0.0,0.5784526391901663,0.3615328994938539,8.749096167751265,0.5784526391901663,0.0
202439,2024-09-28,2024-10-03,lab,phol - london,37,2024-09-14,400.0,165.0,397.0,0.0,0.0,1.0,0.0,0.0,0.0,397.0,0.0,330.0,330.0,3.0,330.0,0.0,330.0,28.0,330.0,1.0,4.0,0.30303030303030304,0.0,41.25,0.0,1.2121212121212122,0.0,0.9090909090909091,8.484848484848486,0.0,0.0
202439,2024-09-28,2024-10-03,lab,st joseph's - london,37,2024-09-14,577.0,98.0,56.0,1.0,0.0,0.0,1.0,1.0,0.0,56.0,0.0,56.0,56.0,1.0,56.0,1.0,56.0,6.0,46.0,1.0,0.0,2.1739130434782608,1.7857142857142856,16.984402079722706,0.0,0.0,1.7857142857142856,1.7857142857142856,10.714285714285714,1.7857142857142856,0.0
202439,2024-09-28,2024-10-03,lab,phol - orillia,37,2024-09-14,25.0,18.0,20.0,0.0,0.0,0.0,0.0,0.0,0.0,20.0,0.0,9.0,9.0,0.0,9.0,0.0,9.0,2.0,9.0,0.0,0.0,0.0,0.0,72.0,0.0,0.0,0.0,0.0,22.22222222222222,0.0,0.0
202439,2024-09-28,2024-10-03,lab,phol - sudbury,37,2024-09-14,8.0,4.0,9.0,0.0,0.0,0.0,0.0,0.0,0.0,9.0,0.0,6.0,6.0,0.0,6.0,0.0,6.0,0.0,6.0,0.0,0.0,0.0,0.0,50.0,0.0,0.0,0.0,0.0,0.0,0.0,0.0
202439,2024-09-28,2024-10-03,lab,phol - timmins,37,2024-09-14,37.0,13.0,39.0,0.0,0.0,0.0,0.0,0.0,0.0,39.0,0.0,28.0,28.0,0.0,28.0,0.0,28.0,5.0,28.0,0.0,2.0,0.0,0.0,35.13513513513514,0.0,7.142857142857142,0.0,0.0,17.857142857142858,0.0,0.0
202439,2024-09-28,2024-10-03,lab,phol - sault ste marie,37,2024-09-14,2.0,0.0,8.0,0.0,0.0,0.0,0.0,0.0,0.0,8.0,0.0,8.0,8.0,0.0,8.0,0.0,8.0,0.0,8.0,0.0,0.0,0.0,0.0,0.0,0.0,0.0,0.0,0.0,0.0,0.0,0.0
202439,2024-09-28,2024-10-03,lab,sault area hospital,37,2024-09-14,78.0,5.0,73.0,0.0,0.0,0.0,0.0,0.0,0.0,73.0,0.0,63.0,63.0,0.0,63.0,0.0,63.0,3.0,63.0,1.0,0.0,1.5873015873015872,0.0,6.41025641025641,0.0,0.0,0.0,0.0,4.761904761904762,0.0,0.0
202439,2024-09-28,2024-10-03,lab,phol - thunder bay,37,2024-09-14,46.0,10.0,42.0,0.0,0.0,0.0,0.0,0.0,0.0,42.0,0.0,32.0,32.0,0.0,32.0,0.0,32.0,2.0,32.0,0.0,0.0,0.0,0.0,21.73913043478261,0.0,0.0,0.0,0.0,6.25,0.0,0.0
202439,2024-09-28,2024-10-03,region,on,37,2024-09-14,7089.0,1298.0,5653.0,19.0,7.0,7.0,11.0,19.0,0.0,5654.0,25.0,4132.0,4132.0,17.0,4155.0,6.0,4155.0,420.0,2762.0,10.0,52.0,0.3620564808110065,0.1444043321299639,18.310057836084074,0.44216483905199855,1.2584704743465636,0.33610472315584644,0.41142303969022265,10.108303249097473,0.33610472315584644,0.0
202439,2024-09-28,2024-10-03,lab,mb,37,2024-09-14,1118.0,183.0,424.0,3.0,0.0,0.0,3.0,3.0,0.0,424.0,0.0,80.0,80.0,1.0,100.0,0.0,80.0,21.0,100.0,1.0,3.0,1.0,0.0,16.368515205724506,0.0,3.75,0.7075471698113208,1.25,26.25,0.7075471698113208,0.0
202439,2024-09-28,2024-10-03,lab,sk,37,2024-09-14,1310.0,171.0,938.0,9.0,0.0,0.0,7.0,7.0,2.0,847.0,4.0,354.0,354.0,1.0,354.0,0.0,354.0,53.0,354.0,0.0,4.0,0.0,0.0,13.053435114503817,0.47225501770956313,1.1299435028248588,0.9594882729211088,0.2824858757062147,14.971751412429379,0.7462686567164178,0.21321961620469082
202439,2024-09-28,2024-10-03,lab,ab,37,2024-09-14,3571.0,415.0,1087.0,8.0,5.0,0.0,1.0,6.0,2.0,935.0,3.0,934.0,932.0,9.0,845.0,7.0,912.0,147.0,934.0,4.0,5.0,0.4282655246252677,0.8284023668639053,11.621394567348082,0.32085561497326204,0.5353319057815845,0.7359705611775529,0.9656652360515022,16.11842105263158,0.5519779208831647,0.18399264029438822
202439,2024-09-28,2024-10-03,region,prairies,37,2024-09-14,5999.0,769.0,2449.0,20.0,5.0,0.0,11.0,16.0,4.0,2206.0,7.0,1368.0,1366.0,11.0,1299.0,7.0,1346.0,221.0,1388.0,5.0,12.0,0.36023054755043227,0.5388760585065435,12.818803133855642,0.3173164097914778,0.8771929824561403,0.8166598611678236,0.8052708638360175,16.419019316493312,0.6533278889342589,0.16333197223356472
202439,2024-09-28,2024-10-03,region,bc,37,2024-09-14,2919.0,551.0,2832.0,59.0,32.0,2.0,3.0,57.0,2.0,2826.0,9.0,713.0,713.0,5.0,713.0,6.0,704.0,110.0,704.0,7.0,10.0,0.9943181818181818,0.8415147265077139,18.876327509421035,0.3184713375796179,1.402524544179523,2.083333333333333,0.7012622720897616,15.625,2.0127118644067794,0.07062146892655367
202439,2024-09-28,2024-10-03,lab,yk,37,2024-09-14,56.0,13.0,43.0,0.0,0.0,0.0,0.0,0.0,0.0,42.0,0.0,,,,,,,,,,0.0,,,23.214285714285715,0.0,,0.0,,,0.0,0.0
202439,2024-09-28,2024-10-03,lab,nt,37,2024-09-14,37.0,7.0,37.0,1.0,1.0,0.0,0.0,1.0,0.0,37.0,0.0,,37.0,0.0,37.0,0.0,37.0,11.0,,,0.0,,0.0,18.91891891891892,0.0,,2.7027027027027026,0.0,29.72972972972973,2.7027027027027026,0.0
202439,2024-09-28,2024-10-03,lab,nu,37,2024-09-14,97.0,9.0,65.0,1.0,0.0,0.0,0.0,0.0,1.0,65.0,1.0,,,,,,,,,,0.0,,,9.278350515463918,1.5384615384615385,,1.5384615384615385,,,0.0,1.5384615384615385
202439,2024-09-28,2024-10-03,region,territories,37,2024-09-14,190.0,29.0,145.0,2.0,1.0,0.0,0.0,1.0,1.0,144.0,1.0,,37.0,0.0,37.0,0.0,37.0,11.0,,,0.0,,0.0,15.263157894736842,0.6944444444444444,,1.3793103448275863,0.0,29.72972972972973,0.6896551724137931,0.6896551724137931
202439,2024-09-28,2024-10-03,nation,ca,37,2024-09-14,30470.0,5685.0,20610.0,112.0,45.0,9.0,34.0,102.0,10.0,19058.0,118.0,8498.0,8547.0,62.0,8481.0,21.0,8590.0,1133.0,7096.0,49.0,105.0,0.6905298759864713,0.24761230986911922,18.6576960945192,0.6191625564067583,1.2355848434925865,0.5434255215914605,0.7254007254007254,13.189755529685682,0.4949053857350801,0.048520135856380396
202439,2024-09-28,2024-10-03,lab,nl,38,2024-09-21,775.0,101.0,641.0,0.0,0.0,0.0,0.0,0.0,0.0,641.0,0.0,641.0,641.0,5.0,641.0,1.0,641.0,150.0,641.0,2.0,6.0,0.31201248049922,0.15600624024961,13.032258064516128,0.0,0.93603744149766,0.0,0.7800312012480499,23.400936037441497,0.0,0.0
202439,2024-09-28,2024-10-03,lab,pe,38,2024-09-21,136.0,15.0,42.0,0.0,0.0,0.0,0.0,0.0,0.0,42.0,0.0,11.0,11.0,0.0,11.0,0.0,11.0,7.0,11.0,2.0,0.0,18.181818181818183,0.0,11.029411764705882,0.0,0.0,0.0,0.0,63.63636363636363,0.0,0.0
202439,2024-09-28,2024-10-03,lab,ns,38,2024-09-21,1339.0,279.0,1272.0,1.0,0.0,0.0,1.0,1.0,0.0,1177.0,0.0,42.0,42.0,0.0,42.0,0.0,42.0,13.0,42.0,1.0,0.0,2.380952380952381,0.0,20.83644510828977,0.0,0.0,0.07861635220125787,0.0,30.952380952380953,0.07861635220125787,0.0
202439,2024-09-28,2024-10-03,lab,nb,38,2024-09-21,1272.0,204.0,859.0,0.0,0.0,0.0,0.0,0.0,0.0,859.0,0.0,153.0,153.0,5.0,153.0,0.0,153.0,47.0,153.0,5.0,4.0,3.2679738562091507,0.0,16.037735849056602,0.0,2.6143790849673203,0.0,3.2679738562091507,30.718954248366014,0.0,0.0
202439,2024-09-28,2024-10-03,region,atlantic,38,2024-09-21,3522.0,599.0,2814.0,1.0,0.0,0.0,1.0,1.0,0.0,2719.0,0.0,847.0,847.0,10.0,847.0,1.0,847.0,217.0,847.0,10.0,10.0,1.1806375442739079,0.11806375442739078,17.007382169222033,0.0,1.1806375442739079,0.03553660270078181,1.1806375442739079,25.6198347107438,0.03553660270078181,0.0
202439,2024-09-28,2024-10-03,lab,région nord-est,38,2024-09-21,1621.0,349.0,1384.0,0.0,0.0,0.0,0.0,0.0,0.0,662.0,1.0,118.0,118.0,0.0,111.0,1.0,118.0,25.0,118.0,2.0,3.0,1.694915254237288,0.9009009009009009,21.529919802590992,0.1510574018126888,2.5423728813559325,0.0,0.0,21.1864406779661,0.0,0.0
202439,2024-09-28,2024-10-03,lab,québec-chaudière-appalaches,38,2024-09-21,1879.0,316.0,1143.0,3.0,0.0,0.0,0.0,0.0,3.0,1143.0,12.0,547.0,563.0,7.0,547.0,0.0,574.0,142.0,494.0,17.0,3.0,3.4412955465587043,0.0,16.817456093666845,1.0498687664041995,0.5484460694698354,0.26246719160104987,1.2433392539964476,24.738675958188153,0.0,0.26246719160104987
202439,2024-09-28,2024-10-03,lab,centre-du-québec,38,2024-09-21,2686.0,715.0,853.0,4.0,0.0,0.0,4.0,4.0,0.0,616.0,18.0,38.0,38.0,1.0,38.0,0.0,38.0,13.0,39.0,3.0,1.0,7.6923076923076925,0.0,26.61950856291884,2.922077922077922,2.631578947368421,0.4689331770222743,2.631578947368421,34.21052631578947,0.4689331770222743,0.0
202439,2024-09-28,2024-10-03,lab,montréal-laval,38,2024-09-21,2130.0,391.0,1607.0,7.0,0.0,0.0,7.0,7.0,0.0,1463.0,24.0,860.0,860.0,12.0,864.0,3.0,884.0,134.0,860.0,8.0,20.0,0.9302325581395349,0.3472222222222222,18.356807511737088,1.6404647983595353,2.3255813953488373,0.43559427504667086,1.3953488372093024,15.158371040723981,0.43559427504667086,0.0
202439,2024-09-28,2024-10-03,lab,ouest du québec,38,2024-09-21,1772.0,527.0,813.0,4.0,0.0,0.0,3.0,3.0,1.0,812.0,11.0,13.0,13.0,0.0,13.0,0.0,13.0,4.0,13.0,0.0,1.0,0.0,0.0,29.740406320541762,1.354679802955665,7.6923076923076925,0.4920049200492005,0.0,30.76923076923077,0.36900369003690037,0.12300123001230012
202439,2024-09-28,2024-10-03,lab,montérégie,38,2024-09-21,1715.0,425.0,1355.0,1.0,0.0,0.0,1.0,1.0,0.0,1355.0,10.0,9.0,9.0,0.0,9.0,0.0,17.0,1.0,9.0,0.0,0.0,0.0,0.0,24.78134110787172,0.7380073800738007,0.0,0.07380073800738007,0.0,5.88235294117647,0.07380073800738007,0.0
202439,2024-09-28,2024-10-03,region,qc,38,2024-09-21,11803.0,2723.0,7155.0,19.0,0.0,0.0,15.0,15.0,4.0,6051.0,76.0,1585.0,1601.0,20.0,1582.0,4.0,1644.0,319.0,1533.0,30.0,28.0,1.9569471624266144,0.2528445006321113,23.07040582902652,1.2559907453313501,1.7665615141955835,0.2655485674353599,1.2492192379762648,19.40389294403893,0.20964360587002098,0.05590496156533892
202439,2024-09-28,2024-10-03,lab,phol - ottawa,38,2024-09-21,132.0,44.0,106.0,0.0,0.0,0.0,0.0,0.0,0.0,106.0,0.0,72.0,72.0,0.0,72.0,0.0,72.0,15.0,72.0,0.0,1.0,0.0,0.0,33.33333333333333,0.0,1.3888888888888888,0.0,0.0,20.833333333333336,0.0,0.0
202439,2024-09-28,2024-10-03,lab,eorla,38,2024-09-21,701.0,92.0,437.0,2.0,0.0,0.0,2.0,2.0,0.0,437.0,5.0,48.0,48.0,1.0,48.0,0.0,48.0,8.0,48.0,0.0,0.0,0.0,0.0,13.12410841654779,1.1441647597254003,0.0,0.4576659038901602,2.083333333333333,16.666666666666664,0.4576659038901602,0.0
202439,2024-09-28,2024-10-03,lab,phol - kingston,38,2024-09-21,201.0,57.0,105.0,1.0,1.0,0.0,0.0,1.0,0.0,105.0,0.0,66.0,66.0,0.0,66.0,0.0,66.0,21.0,66.0,1.0,0.0,1.5151515151515151,0.0,28.35820895522388,0.0,0.0,0.9523809523809524,0.0,31.818181818181817,0.9523809523809524,0.0
202439,2024-09-28,2024-10-03,lab,phol - peterborough,38,2024-09-21,97.0,55.0,128.0,1.0,0.0,1.0,0.0,1.0,0.0,128.0,2.0,83.0,83.0,1.0,83.0,0.0,83.0,24.0,83.0,0.0,1.0,0.0,0.0,56.70103092783505,1.5625,1.2048192771084338,0.78125,1.2048192771084338,28.915662650602407,0.78125,0.0
202439,2024-09-28,2024-10-03,lab,phol - toronto,38,2024-09-21,762.0,207.0,799.0,2.0,2.0,0.0,0.0,2.0,0.0,799.0,0.0,702.0,703.0,5.0,702.0,4.0,702.0,159.0,702.0,1.0,12.0,0.14245014245014245,0.5698005698005698,27.165354330708663,0.0,1.7094017094017095,0.2503128911138924,0.7112375533428165,22.64957264957265,0.2503128911138924,0.0
202439,2024-09-28,2024-10-03,lab,uhn / mount sinai hospital,38,2024-09-21,872.0,131.0,787.0,2.0,0.0,0.0,2.0,2.0,0.0,787.0,0.0,85.0,85.0,0.0,85.0,0.0,85.0,5.0,85.0,0.0,0.0,0.0,0.0,15.022935779816512,0.0,0.0,0.25412960609911056,0.0,5.88235294117647,0.25412960609911056,0.0
202439,2024-09-28,2024-10-03,lab,sick kids hospital - toronto,38,2024-09-21,108.0,9.0,124.0,0.0,0.0,0.0,0.0,0.0,0.0,124.0,2.0,124.0,124.0,1.0,124.0,0.0,124.0,49.0,124.0,2.0,2.0,1.6129032258064515,0.0,8.333333333333332,1.6129032258064515,1.6129032258064515,0.0,0.8064516129032258,39.516129032258064,0.0,0.0
202439,2024-09-28,2024-10-03,lab,shared hospital laboratory,38,2024-09-21,1360.0,131.0,996.0,2.0,2.0,0.0,0.0,2.0,0.0,997.0,2.0,987.0,987.0,1.0,995.0,1.0,995.0,84.0,995.0,0.0,15.0,0.0,0.10050251256281408,9.632352941176471,0.20060180541624875,1.5197568389057752,0.2008032128514056,0.10131712259371835,8.442211055276381,0.2008032128514056,0.0
202439,2024-09-28,2024-10-03,lab,phol - hamilton,38,2024-09-21,72.0,24.0,97.0,0.0,0.0,0.0,0.0,0.0,0.0,97.0,0.0,90.0,90.0,2.0,90.0,0.0,90.0,23.0,90.0,0.0,5.0,0.0,0.0,33.33333333333333,0.0,5.555555555555555,0.0,2.2222222222222223,25.555555555555554,0.0,0.0
202439,2024-09-28,2024-10-03,lab,st joseph's - hamilton,38,2024-09-21,1595.0,209.0,1423.0,6.0,0.0,0.0,5.0,5.0,1.0,1423.0,6.0,1423.0,1423.0,2.0,1423.0,4.0,1423.0,205.0,0.0,0.0,4.0,0.0,0.28109627547434995,13.10344827586207,0.4216444132115249,0.28109627547434995,0.4216444132115249,0.14054813773717498,14.406184118060436,0.35137034434293746,0.07027406886858749
202439,2024-09-28,2024-10-03,lab,phol - london,38,2024-09-21,408.0,205.0,330.0,0.0,0.0,0.0,0.0,0.0,0.0,330.0,1.0,247.0,248.0,1.0,247.0,1.0,247.0,29.0,247.0,0.0,2.0,0.0,0.4048582995951417,50.245098039215684,0.30303030303030304,0.8097165991902834,0.0,0.4032258064516129,11.740890688259109,0.0,0.0
202439,2024-09-28,2024-10-03,lab,st joseph's - london,38,2024-09-21,549.0,82.0,73.0,0.0,0.0,0.0,0.0,0.0,0.0,73.0,2.0,72.0,73.0,1.0,73.0,0.0,73.0,14.0,73.0,0.0,1.0,0.0,0.0,14.93624772313297,2.73972602739726,1.3888888888888888,0.0,1.36986301369863,19.17808219178082,0.0,0.0
202439,2024-09-28,2024-10-03,lab,phol - orillia,38,2024-09-21,9.0,2.0,5.0,0.0,0.0,0.0,0.0,0.0,0.0,5.0,0.0,5.0,5.0,0.0,5.0,0.0,5.0,0.0,5.0,0.0,0.0,0.0,0.0,22.22222222222222,0.0,0.0,0.0,0.0,0.0,0.0,0.0
202439,2024-09-28,2024-10-03,lab,phol - sudbury,38,2024-09-21,23.0,12.0,26.0,0.0,0.0,0.0,0.0,0.0,0.0,26.0,0.0,15.0,15.0,0.0,15.0,0.0,15.0,0.0,15.0,0.0,0.0,0.0,0.0,52.17391304347826,0.0,0.0,0.0,0.0,0.0,0.0,0.0
202439,2024-09-28,2024-10-03,lab,phol - timmins,38,2024-09-21,44.0,22.0,44.0,0.0,0.0,0.0,0.0,0.0,0.0,44.0,0.0,25.0,25.0,0.0,25.0,0.0,25.0,4.0,25.0,0.0,1.0,0.0,0.0,50.0,0.0,4.0,0.0,0.0,16.0,0.0,0.0
202439,2024-09-28,2024-10-03,lab,phol - sault ste marie,38,2024-09-21,7.0,4.0,9.0,0.0,0.0,0.0,0.0,0.0,0.0,9.0,0.0,9.0,9.0,0.0,9.0,0.0,9.0,0.0,9.0,0.0,0.0,0.0,0.0,57.14285714285714,0.0,0.0,0.0,0.0,0.0,0.0,0.0
202439,2024-09-28,2024-10-03,lab,sault area hospital,38,2024-09-21,79.0,5.0,75.0,0.0,0.0,0.0,0.0,0.0,0.0,75.0,0.0,68.0,68.0,1.0,68.0,0.0,68.0,11.0,68.0,1.0,0.0,1.4705882352941175,0.0,6.329113924050633,0.0,0.0,0.0,1.4705882352941175,16.176470588235293,0.0,0.0
202439,2024-09-28,2024-10-03,lab,phol - thunder bay,38,2024-09-21,28.0,10.0,28.0,0.0,0.0,0.0,0.0,0.0,0.0,28.0,0.0,25.0,25.0,0.0,25.0,0.0,25.0,4.0,25.0,0.0,1.0,0.0,0.0,35.714285714285715,0.0,4.0,0.0,0.0,16.0,0.0,0.0
202439,2024-09-28,2024-10-03,region,on,38,2024-09-21,7047.0,1301.0,5592.0,16.0,5.0,1.0,9.0,15.0,1.0,5593.0,20.0,4146.0,4149.0,16.0,4155.0,10.0,4155.0,655.0,2732.0,5.0,45.0,0.18301610541727673,0.24067388688327318,18.461756775933022,0.3575898444484177,1.085383502170767,0.28612303290414876,0.3856350927934442,15.764139590854393,0.26824034334763946,0.017882689556509297
202439,2024-09-28,2024-10-03,lab,mb,38,2024-09-21,1105.0,199.0,290.0,0.0,0.0,0.0,0.0,0.0,0.0,290.0,0.0,67.0,67.0,2.0,91.0,0.0,67.0,28.0,91.0,0.0,2.0,0.0,0.0,18.009049773755656,0.0,2.9850746268656714,0.0,2.9850746268656714,41.7910447761194,0.0,0.0
202439,2024-09-28,2024-10-03,lab,sk,38,2024-09-21,1402.0,219.0,1059.0,3.0,0.0,0.0,1.0,1.0,2.0,952.0,1.0,440.0,440.0,5.0,440.0,1.0,440.0,77.0,440.0,0.0,1.0,0.0,0.22727272727272727,15.620542082738945,0.10504201680672269,0.22727272727272727,0.28328611898017,1.1363636363636365,17.5,0.09442870632672333,0.18885741265344666
202439,2024-09-28,2024-10-03,lab,ab,38,2024-09-21,4078.0,506.0,1105.0,12.0,6.0,2.0,1.0,9.0,3.0,990.0,2.0,990.0,990.0,10.0,903.0,0.0,977.0,212.0,990.0,5.0,8.0,0.5050505050505051,0.0,12.408043158410987,0.20202020202020202,0.8080808080808081,1.085972850678733,1.0101010101010102,21.699078812691912,0.8144796380090499,0.27149321266968324
202439,2024-09-28,2024-10-03,region,prairies,38,2024-09-21,6585.0,924.0,2454.0,15.0,6.0,2.0,2.0,10.0,5.0,2232.0,3.0,1497.0,1497.0,17.0,1434.0,1.0,1484.0,317.0,1521.0,5.0,11.0,0.3287310979618672,0.0697350069735007,14.031890660592255,0.13440860215053765,0.7348029392117569,0.6112469437652812,1.1356045424181698,21.361185983827493,0.40749796251018744,0.20374898125509372
202439,2024-09-28,2024-10-03,region,bc,38,2024-09-21,3075.0,531.0,3033.0,60.0,28.0,4.0,0.0,60.0,0.0,3033.0,12.0,831.0,831.0,2.0,831.0,4.0,823.0,186.0,823.0,4.0,22.0,0.48602673147023084,0.48134777376654636,17.268292682926827,0.3956478733926805,2.6474127557160045,1.9782393669634024,0.24067388688327318,22.600243013365734,1.9782393669634024,0.0
202439,2024-09-28,2024-10-03,lab,yk,38,2024-09-21,50.0,6.0,37.0,1.0,0.0,0.0,0.0,1.0,0.0,37.0,0.0,,,,,,,,,,0.0,,,12.0,0.0,,2.7027027027027026,,,2.7027027027027026,0.0
202439,2024-09-28,2024-10-03,lab,nt,38,2024-09-21,47.0,6.0,45.0,0.0,0.0,0.0,0.0,0.0,0.0,45.0,0.0,,45.0,0.0,45.0,0.0,45.0,16.0,,,0.0,,0.0,12.76595744680851,0.0,,0.0,0.0,35.55555555555556,0.0,0.0
202439,2024-09-28,2024-10-03,lab,nu,38,2024-09-21,111.0,10.0,88.0,0.0,0.0,0.0,0.0,0.0,0.0,88.0,0.0,,,,,,,,,,0.0,,,9.00900900900901,0.0,,0.0,,,0.0,0.0
202439,2024-09-28,2024-10-03,region,territories,38,2024-09-21,208.0,22.0,170.0,1.0,0.0,0.0,0.0,1.0,0.0,170.0,0.0,,45.0,0.0,45.0,0.0,45.0,16.0,,,0.0,,0.0,10.576923076923077,0.0,,0.5882352941176471,0.0,35.55555555555556,0.5882352941176471,0.0
202439,2024-09-28,2024-10-03,nation,ca,38,2024-09-21,32240.0,6100.0,21218.0,112.0,39.0,7.0,27.0,102.0,10.0,19798.0,111.0,8906.0,8970.0,65.0,8894.0,20.0,8998.0,1710.0,7456.0,54.0,116.0,0.7242489270386265,0.22487069934787499,18.92059553349876,0.5606626932013334,1.3024927015495171,0.5278537091149025,0.7246376811594203,19.004223160702377,0.4807239136582147,0.04712979545668772
202439,2024-09-28,2024-10-03,lab,nl,39,2024-09-28,789.0,103.0,641.0,0.0,0.0,0.0,0.0,0.0,0.0,641.0,0.0,641.0,641.0,4.0,641.0,4.0,641.0,164.0,641.0,3.0,6.0,0.46801872074883,0.62402496099844,13.054499366286437,0.0,0.93603744149766,0.0,0.62402496099844,25.585023400936034,0.0,0.0
202439,2024-09-28,2024-10-03,lab,pe,39,2024-09-28,161.0,28.0,68.0,0.0,0.0,0.0,0.0,0.0,0.0,68.0,3.0,19.0,19.0,0.0,19.0,0.0,19.0,10.0,19.0,1.0,0.0,5.263157894736842,0.0,17.391304347826086,4.411764705882353,0.0,0.0,0.0,52.63157894736842,0.0,0.0
202439,2024-09-28,2024-10-03,lab,ns,39,2024-09-28,1560.0,286.0,1496.0,4.0,0.0,0.0,4.0,4.0,0.0,1393.0,0.0,36.0,36.0,1.0,36.0,0.0,36.0,7.0,36.0,1.0,0.0,2.7777777777777777,0.0,18.333333333333332,0.0,0.0,0.267379679144385,2.7777777777777777,19.444444444444446,0.267379679144385,0.0
202439,2024-09-28,2024-10-03,lab,nb,39,2024-09-28,1348.0,212.0,880.0,2.0,0.0,0.0,2.0,2.0,0.0,880.0,0.0,138.0,138.0,3.0,138.0,0.0,138.0,43.0,138.0,2.0,0.0,1.4492753623188406,0.0,15.727002967359049,0.0,0.0,0.22727272727272727,2.1739130434782608,31.15942028985507,0.22727272727272727,0.0
202439,2024-09-28,2024-10-03,region,atlantic,39,2024-09-28,3858.0,629.0,3085.0,6.0,0.0,0.0,6.0,6.0,0.0,2982.0,3.0,834.0,834.0,8.0,834.0,4.0,834.0,224.0,834.0,7.0,6.0,0.8393285371702638,0.4796163069544364,16.303784344219803,0.1006036217303823,0.7194244604316548,0.1944894651539708,0.9592326139088728,26.85851318944844,0.1944894651539708,0.0
202439,2024-09-28,2024-10-03,lab,région nord-est,39,2024-09-28,1570.0,303.0,1306.0,1.0,0.0,0.0,1.0,1.0,0.0,639.0,2.0,120.0,120.0,5.0,115.0,0.0,120.0,46.0,120.0,3.0,1.0,2.5,0.0,19.299363057324843,0.3129890453834116,0.8333333333333334,0.0765696784073507,4.166666666666666,38.333333333333336,0.0765696784073507,0.0
202439,2024-09-28,2024-10-03,lab,québec-chaudière-appalaches,39,2024-09-28,1631.0,261.0,1170.0,5.0,0.0,0.0,0.0,0.0,5.0,1170.0,14.0,564.0,570.0,24.0,565.0,0.0,581.0,133.0,499.0,11.0,2.0,2.2044088176352705,0.0,16.00245248313918,1.1965811965811968,0.3546099290780142,0.4273504273504274,4.2105263157894735,22.89156626506024,0.0,0.4273504273504274
202439,2024-09-28,2024-10-03,lab,centre-du-québec,39,2024-09-28,2540.0,583.0,873.0,2.0,0.0,0.0,2.0,2.0,0.0,637.0,28.0,43.0,42.0,0.0,43.0,0.0,43.0,10.0,43.0,2.0,3.0,4.651162790697675,0.0,22.95275590551181,4.395604395604396,6.976744186046512,0.22909507445589922,0.0,23.25581395348837,0.22909507445589922,0.0
202439,2024-09-28,2024-10-03,lab,montréal-laval,39,2024-09-28,2119.0,340.0,1791.0,7.0,0.0,0.0,7.0,7.0,0.0,1681.0,50.0,938.0,938.0,17.0,940.0,0.0,971.0,167.0,938.0,4.0,16.0,0.42643923240938164,0.0,16.04530438886267,2.97441998810232,1.7057569296375266,0.3908431044109436,1.812366737739872,17.198764160659113,0.3908431044109436,0.0
202439,2024-09-28,2024-10-03,lab,ouest du québec,39,2024-09-28,1726.0,439.0,812.0,0.0,0.0,0.0,0.0,0.0,0.0,812.0,8.0,28.0,28.0,1.0,28.0,0.0,28.0,13.0,28.0,1.0,0.0,3.571428571428571,0.0,25.434530706836618,0.9852216748768473,0.0,0.0,3.571428571428571,46.42857142857143,0.0,0.0
202439,2024-09-28,2024-10-03,lab,montérégie,39,2024-09-28,1759.0,382.0,1369.0,1.0,0.0,0.0,0.0,0.0,1.0,1369.0,20.0,14.0,14.0,0.0,14.0,0.0,19.0,2.0,14.0,0.0,0.0,0.0,0.0,21.716884593519044,1.460920379839299,0.0,0.07304601899196494,0.0,10.526315789473683,0.0,0.07304601899196494
202439,2024-09-28,2024-10-03,region,qc,39,2024-09-28,11345.0,2308.0,7321.0,16.0,0.0,0.0,10.0,10.0,6.0,6308.0,122.0,1707.0,1712.0,47.0,1705.0,0.0,1762.0,371.0,1642.0,21.0,22.0,1.2789281364190013,0.0,20.343763772587042,1.9340519974635384,1.2888107791446983,0.21854937850020487,2.7453271028037385,21.05561861520999,0.13659336156262805,0.08195601693757683
202439,2024-09-28,2024-10-03,lab,phol - ottawa,39,2024-09-28,217.0,97.0,149.0,0.0,0.0,0.0,0.0,0.0,0.0,149.0,0.0,108.0,108.0,1.0,108.0,1.0,108.0,23.0,108.0,2.0,3.0,1.8518518518518516,0.9259259259259258,44.70046082949309,0.0,2.7777777777777777,0.0,0.9259259259259258,21.296296296296298,0.0,0.0
202439,2024-09-28,2024-10-03,lab,eorla,39,2024-09-28,854.0,113.0,420.0,0.0,0.0,0.0,0.0,0.0,0.0,420.0,9.0,30.0,30.0,1.0,30.0,0.0,30.0,7.0,30.0,0.0,2.0,0.0,0.0,13.23185011709602,2.142857142857143,6.666666666666667,0.0,3.3333333333333335,23.333333333333332,0.0,0.0
202439,2024-09-28,2024-10-03,lab,phol - kingston,39,2024-09-28,210.0,50.0,86.0,0.0,0.0,0.0,0.0,0.0,0.0,86.0,0.0,54.0,54.0,0.0,54.0,0.0,54.0,12.0,54.0,0.0,0.0,0.0,0.0,23.809523809523807,0.0,0.0,0.0,0.0,22.22222222222222,0.0,0.0
202439,2024-09-28,2024-10-03,lab,phol - peterborough,39,2024-09-28,130.0,49.0,123.0,0.0,0.0,0.0,0.0,0.0,0.0,123.0,2.0,67.0,67.0,1.0,67.0,0.0,67.0,28.0,67.0,0.0,5.0,0.0,0.0,37.69230769230769,1.6260162601626018,7.462686567164178,0.0,1.4925373134328357,41.7910447761194,0.0,0.0
202439,2024-09-28,2024-10-03,lab,phol - toronto,39,2024-09-28,538.0,157.0,784.0,2.0,4.0,3.0,0.0,2.0,0.0,784.0,0.0,690.0,690.0,2.0,690.0,3.0,690.0,183.0,690.0,9.0,26.0,1.3043478260869565,0.43478260869565216,29.182156133828997,0.0,3.768115942028986,0.25510204081632654,0.2898550724637681,26.521739130434785,0.25510204081632654,0.0
202439,2024-09-28,2024-10-03,lab,uhn / mount sinai hospital,39,2024-09-28,898.0,82.0,807.0,1.0,0.0,0.0,1.0,1.0,0.0,807.0,2.0,93.0,93.0,1.0,93.0,0.0,93.0,3.0,93.0,0.0,0.0,0.0,0.0,9.131403118040089,0.24783147459727387,0.0,0.12391573729863693,1.0752688172043012,3.225806451612903,0.12391573729863693,0.0
202439,2024-09-28,2024-10-03,lab,sick kids hospital - toronto,39,2024-09-28,,,,,,,,,,,,,,,,,,,,,0.0,,,,,,,,,,
202439,2024-09-28,2024-10-03,lab,shared hospital laboratory,39,2024-09-28,1472.0,98.0,1127.0,4.0,3.0,0.0,0.0,3.0,1.0,1127.0,7.0,1128.0,1128.0,3.0,1131.0,3.0,1131.0,130.0,1131.0,0.0,5.0,0.0,0.2652519893899204,6.657608695652175,0.6211180124223602,0.44326241134751776,0.354924578527063,0.26595744680851063,11.494252873563218,0.26619343389529726,0.08873114463176575
202439,2024-09-28,2024-10-03,lab,phol - hamilton,39,2024-09-28,38.0,9.0,64.0,1.0,2.0,1.0,0.0,1.0,0.0,64.0,0.0,63.0,63.0,0.0,63.0,0.0,63.0,30.0,63.0,0.0,2.0,0.0,0.0,23.684210526315788,0.0,3.1746031746031744,1.5625,0.0,47.61904761904761,1.5625,0.0
202439,2024-09-28,2024-10-03,lab,st joseph's - hamilton,39,2024-09-28,1746.0,176.0,1576.0,4.0,0.0,0.0,3.0,3.0,1.0,1576.0,1.0,1576.0,1576.0,2.0,1576.0,1.0,1576.0,221.0,0.0,0.0,4.0,0.0,0.06345177664974619,10.080183276059564,0.06345177664974619,0.25380710659898476,0.25380710659898476,0.12690355329949238,14.022842639593907,0.1903553299492386,0.06345177664974619
202439,2024-09-28,2024-10-03,lab,phol - london,39,2024-09-28,386.0,155.0,320.0,0.0,0.0,0.0,0.0,0.0,0.0,320.0,0.0,256.0,256.0,0.0,256.0,1.0,256.0,38.0,256.0,0.0,0.0,0.0,0.390625,40.15544041450777,0.0,0.0,0.0,0.0,14.84375,0.0,0.0
202439,2024-09-28,2024-10-03,lab,st joseph's - london,39,2024-09-28,499.0,64.0,67.0,0.0,0.0,0.0,0.0,0.0,0.0,67.0,0.0,67.0,67.0,2.0,67.0,0.0,67.0,11.0,67.0,0.0,1.0,0.0,0.0,12.825651302605209,0.0,1.4925373134328357,0.0,2.9850746268656714,16.417910447761194,0.0,0.0
202439,2024-09-28,2024-10-03,lab,phol - orillia,39,2024-09-28,1.0,0.0,6.0,0.0,0.0,0.0,0.0,0.0,0.0,6.0,0.0,6.0,6.0,0.0,6.0,0.0,6.0,3.0,6.0,0.0,0.0,0.0,0.0,0.0,0.0,0.0,0.0,0.0,50.0,0.0,0.0
202439,2024-09-28,2024-10-03,lab,phol - sudbury,39,2024-09-28,20.0,4.0,23.0,0.0,0.0,0.0,0.0,0.0,0.0,23.0,0.0,19.0,19.0,0.0,19.0,0.0,19.0,5.0,19.0,0.0,0.0,0.0,0.0,20.0,0.0,0.0,0.0,0.0,26.31578947368421,0.0,0.0
202439,2024-09-28,2024-10-03,lab,phol - timmins,39,2024-09-28,41.0,9.0,45.0,0.0,0.0,0.0,0.0,0.0,0.0,45.0,0.0,36.0,36.0,1.0,36.0,0.0,36.0,5.0,36.0,0.0,1.0,0.0,0.0,21.951219512195124,0.0,2.7777777777777777,0.0,2.7777777777777777,13.88888888888889,0.0,0.0
202439,2024-09-28,2024-10-03,lab,phol - sault ste marie,39,2024-09-28,5.0,0.0,6.0,0.0,0.0,0.0,0.0,0.0,0.0,6.0,0.0,6.0,6.0,0.0,6.0,0.0,6.0,6.0,6.0,0.0,0.0,0.0,0.0,0.0,0.0,0.0,0.0,0.0,100.0,0.0,0.0
202439,2024-09-28,2024-10-03,lab,sault area hospital,39,2024-09-28,79.0,6.0,75.0,0.0,0.0,0.0,0.0,0.0,0.0,75.0,0.0,69.0,69.0,0.0,69.0,0.0,69.0,15.0,69.0,0.0,0.0,0.0,0.0,7.59493670886076,0.0,0.0,0.0,0.0,21.73913043478261,0.0,0.0
202439,2024-09-28,2024-10-03,lab,phol - thunder bay,39,2024-09-28,57.0,22.0,49.0,0.0,0.0,0.0,0.0,0.0,0.0,49.0,0.0,30.0,30.0,0.0,30.0,0.0,30.0,7.0,30.0,0.0,0.0,0.0,0.0,38.59649122807017,0.0,0.0,0.0,0.0,23.333333333333332,0.0,0.0
202439,2024-09-28,2024-10-03,region,on,39,2024-09-28,7191.0,1091.0,5727.0,12.0,9.0,4.0,4.0,10.0,2.0,5727.0,21.0,4298.0,4298.0,14.0,4301.0,9.0,4301.0,727.0,2725.0,11.0,49.0,0.40366972477064217,0.20925366193908393,15.171742455847587,0.3666841278156103,1.1400651465798046,0.20953378732320588,0.32573289902280134,16.90304580330156,0.17461148943600488,0.03492229788720098
202439,2024-09-28,2024-10-03,lab,mb,39,2024-09-28,1327.0,259.0,411.0,1.0,0.0,0.0,1.0,1.0,0.0,411.0,0.0,67.0,67.0,0.0,110.0,0.0,67.0,20.0,110.0,0.0,2.0,0.0,0.0,19.51770911831198,0.0,2.9850746268656714,0.24330900243309003,0.0,29.850746268656714,0.24330900243309003,0.0
202439,2024-09-28,2024-10-03,lab,sk,39,2024-09-28,1331.0,204.0,1039.0,3.0,0.0,0.0,3.0,3.0,0.0,946.0,6.0,403.0,403.0,1.0,403.0,1.0,403.0,74.0,403.0,0.0,2.0,0.0,0.24813895781637718,15.326821938392184,0.6342494714587738,0.49627791563275436,0.28873917228103946,0.24813895781637718,18.36228287841191,0.28873917228103946,0.0
202439,2024-09-28,2024-10-03,lab,ab,39,2024-09-28,5105.0,617.0,1163.0,6.0,3.0,3.0,0.0,6.0,0.0,1089.0,6.0,1089.0,1089.0,11.0,1087.0,0.0,1075.0,234.0,1089.0,5.0,11.0,0.4591368227731864,0.0,12.086190009794318,0.5509641873278237,1.0101010101010102,0.5159071367153912,1.0101010101010102,21.767441860465116,0.5159071367153912,0.0
202439,2024-09-28,2024-10-03,region,prairies,39,2024-09-28,7763.0,1080.0,2613.0,10.0,3.0,3.0,4.0,10.0,0.0,2446.0,12.0,1559.0,1559.0,12.0,1600.0,1.0,1545.0,328.0,1602.0,5.0,15.0,0.3121098626716604,0.0625,13.912147365709131,0.49059689288634506,0.9621552277100706,0.3827018752391887,0.7697241821680565,21.22977346278317,0.3827018752391887,0.0
202439,2024-09-28,2024-10-03,region,bc,39,2024-09-28,2465.0,472.0,3117.0,65.0,25.0,4.0,0.0,64.0,1.0,2572.0,7.0,778.0,778.0,2.0,778.0,6.0,768.0,195.0,768.0,3.0,13.0,0.390625,0.7712082262210797,19.148073022312374,0.27216174183514774,1.6709511568123392,2.085338466474174,0.2570694087403599,25.390625,2.0532563362207252,0.03208213025344883
202439,2024-09-28,2024-10-03,lab,yk,39,2024-09-28,45.0,3.0,33.0,1.0,0.0,0.0,0.0,1.0,0.0,33.0,0.0,,,,,,,,,,0.0,,,6.666666666666667,0.0,,3.0303030303030303,,,3.0303030303030303,0.0
202439,2024-09-28,2024-10-03,lab,nt,39,2024-09-28,40.0,1.0,40.0,0.0,0.0,0.0,0.0,0.0,0.0,40.0,0.0,,40.0,2.0,40.0,0.0,40.0,14.0,,,0.0,,0.0,2.5,0.0,,0.0,5.0,35.0,0.0,0.0
202439,2024-09-28,2024-10-03,lab,nu,39,2024-09-28,126.0,11.0,100.0,0.0,0.0,0.0,0.0,0.0,0.0,100.0,0.0,,,,,,,,,,0.0,,,8.73015873015873,0.0,,0.0,,,0.0,0.0
202439,2024-09-28,2024-10-03,region,territories,39,2024-09-28,211.0,15.0,173.0,1.0,0.0,0.0,0.0,1.0,0.0,173.0,0.0,,40.0,2.0,40.0,0.0,40.0,14.0,,,0.0,,0.0,7.109004739336493,0.0,,0.5780346820809248,5.0,35.0,0.5780346820809248,0.0
202439,2024-09-28,2024-10-03,nation,ca,39,2024-09-28,32833.0,5595.0,22036.0,110.0,37.0,11.0,24.0,101.0,9.0,20208.0,165.0,9176.0,9221.0,85.0,9258.0,20.0,9250.0,1859.0,7571.0,47.0,105.0,0.6207898560295866,0.21602937999567942,17.040782139920204,0.8165083135391924,1.1442894507410637,0.49918315483753856,0.9218089144344431,20.0972972972973,0.4583408967144672,0.04084225812307134
