time_value,geo_type,geo_value,sarscov2_tests,sarscov2_positive_tests,flu_tests,flu_positive_tests,flua_positive_tests,flub_positive_tests,rsv_tests,rsv_positive_tests,hpiv_tests,adv_tests,adv_positive_tests,hmpv_tests,hmpv_positive_tests,ev_rv_tests,ev_rv_positive_tests,hcov_tests,hcov_positive_tests,hpiv_positive_tests,hcov_pct_positive,hmpv_pct_positive,sarscov2_pct_positive,rsv_pct_positive,hpiv_pct_positive,flu_pct_positive,adv_pct_positive,ev_rv_pct_positive,flua_pct_positive,flub_pct_positive
2024-10-12,province,sk,1657.0,340.0,1253.0,10.0,7.0,3.0,1134.0,0.0,490.0,490.0,3.0,490.0,0.0,490.0,89.0,490.0,0.0,7.0,0.0,0.0,20.51901025950513,0.0,1.4285714285714286,0.7980845969672785,0.6122448979591837,18.16326530612245,0.5586592178770949,0.23942537909018355
2024-10-12,region,territories,230.0,14.0,187.0,3.0,3.0,0.0,187.0,0.0,,54.0,0.0,54.0,0.0,54.0,15.0,,,0.0,,0.0,6.086956521739131,0.0,,1.6042780748663104,0.0,27.77777777777778,1.6042780748663104,0.0
2024-10-12,province,on,8624.0,1240.0,6984.0,8.0,8.0,0.0,6985.0,41.0,5270.0,5262.0,30.0,5265.0,6.0,5265.0,977.0,3655.0,9.0,90.0,0.24623803009575923,0.11396011396011395,14.37847866419295,0.5869720830350752,1.7077798861480076,0.11454753722794961,0.5701254275940707,18.55650522317189,0.11454753722794961,0.0
2024-10-12,province,mb,1277.0,212.0,364.0,0.0,0.0,0.0,364.0,1.0,74.0,74.0,2.0,115.0,0.0,74.0,27.0,115.0,0.0,2.0,0.0,0.0,16.601409553641346,0.27472527472527475,2.7027027027027026,0.0,2.7027027027027026,36.486486486486484,0.0,0.0
2024-10-12,province,ab,5533.0,812.0,2280.0,12.0,12.0,0.0,2584.0,20.0,1093.0,1093.0,9.0,1089.0,0.0,1072.0,156.0,1093.0,4.0,14.0,0.36596523330283626,0.0,14.675582866437736,0.7739938080495357,1.2808783165599267,0.5263157894736842,0.8234217749313815,14.55223880597015,0.5263157894736842,0.0
2024-10-12,region,prairies,8467.0,1364.0,3897.0,22.0,19.0,3.0,4082.0,21.0,1657.0,1657.0,14.0,1694.0,0.0,1636.0,272.0,1698.0,4.0,23.0,0.23557126030624262,0.0,16.109601984173853,0.514453699167075,1.388050694025347,0.5645368231973312,0.8449004224502112,16.625916870415647,0.4875545291249679,0.07698229407236336
2024-10-12,province,bc,3613.0,641.0,3798.0,44.0,43.0,1.0,3780.0,21.0,901.0,942.0,9.0,901.0,6.0,940.0,210.0,893.0,5.0,20.0,0.5599104143337066,0.6659267480577136,17.741489067257127,0.5555555555555556,2.2197558268590454,1.1585044760400212,0.9554140127388535,22.340425531914892,1.1321748288572933,0.02632964718272775
2024-10-12,territory,yk,51.0,6.0,38.0,1.0,1.0,0.0,38.0,0.0,,,,,,,,,,0.0,,,11.76470588235294,0.0,,2.631578947368421,,,2.631578947368421,0.0
2024-10-12,territory,nt,54.0,1.0,54.0,2.0,2.0,0.0,54.0,0.0,,54.0,0.0,54.0,0.0,54.0,15.0,,,0.0,,0.0,1.8518518518518516,0.0,,3.7037037037037033,0.0,27.77777777777778,3.7037037037037033,0.0
2024-10-12,territory,nu,125.0,7.0,95.0,0.0,0.0,0.0,95.0,0.0,,,,,,,,,,0.0,,,5.6000000000000005,0.0,,0.0,,,0.0,0.0
2024-10-12,nation,ca,34777.0,5227.0,24936.0,97.0,89.0,8.0,24085.0,254.0,10425.0,10531.0,111.0,10514.0,17.0,10559.0,2048.0,8768.0,38.0,177.0,0.4333941605839416,0.1616891763363135,15.030048595335998,1.0545982976956612,1.6978417266187051,0.38899582932306703,1.05403095622448,19.395776115162423,0.35691369906961823,0.03208213025344883
2024-10-05,province,nl,776.0,97.0,648.0,1.0,1.0,0.0,648.0,0.0,648.0,648.0,5.0,648.0,0.0,648.0,161.0,648.0,0.0,8.0,0.0,0.0,12.5,0.0,1.2345679012345678,0.15432098765432098,0.7716049382716049,24.845679012345677,0.15432098765432098,0.0
2024-10-19,province,nl,794.0,79.0,678.0,2.0,2.0,0.0,678.0,0.0,678.0,678.0,7.0,678.0,0.0,678.0,148.0,678.0,1.0,11.0,0.14749262536873156,0.0,9.949622166246852,0.0,1.6224188790560472,0.2949852507374631,1.0324483775811208,21.828908554572273,0.2949852507374631,0.0
2024-10-19,province,pe,208.0,49.0,110.0,0.0,0.0,0.0,110.0,4.0,20.0,20.0,1.0,20.0,1.0,20.0,7.0,20.0,0.0,0.0,0.0,5.0,23.557692307692307,3.6363636363636362,0.0,0.0,5.0,35.0,0.0,0.0
2024-10-19,province,ns,1461.0,167.0,1364.0,0.0,0.0,0.0,1266.0,3.0,52.0,52.0,1.0,52.0,0.0,52.0,16.0,52.0,0.0,0.0,0.0,0.0,11.430527036276523,0.23696682464454977,0.0,0.0,1.9230769230769231,30.76923076923077,0.0,0.0
2024-10-19,province,nb,1156.0,121.0,765.0,0.0,0.0,0.0,765.0,2.0,156.0,156.0,2.0,156.0,0.0,156.0,42.0,156.0,3.0,5.0,1.9230769230769231,0.0,10.46712802768166,0.261437908496732,3.205128205128205,0.0,1.282051282051282,26.923076923076923,0.0,0.0
2024-10-19,region,atlantic,3619.0,416.0,2917.0,2.0,2.0,0.0,2819.0,9.0,906.0,906.0,11.0,906.0,1.0,906.0,213.0,906.0,4.0,16.0,0.44150110375275936,0.11037527593818984,11.49488809063277,0.31926214969847466,1.7660044150110374,0.06856359273225918,1.2141280353200883,23.509933774834437,0.06856359273225918,0.0
2024-10-19,province,qc,9958.0,1573.0,7156.0,21.0,16.0,5.0,6341.0,182.0,1710.0,1735.0,53.0,1718.0,6.0,1787.0,311.0,1617.0,21.0,27.0,1.2987012987012987,0.3492433061699651,15.796344647519584,2.87020974609683,1.5789473684210527,0.29346003353828953,3.054755043227666,17.40346950195859,0.22358859698155395,0.0698714365567356
2024-10-19,province,on,8899.0,1549.0,7261.0,24.0,21.0,3.0,7262.0,73.0,5260.0,5261.0,15.0,5260.0,7.0,5260.0,676.0,3536.0,8.0,82.0,0.22624434389140274,0.13307984790874525,17.406450162939656,1.0052327182594327,1.55893536121673,0.3305329844374053,0.28511689792815054,12.85171102661597,0.28921636138272966,0.041316623054675664
2024-10-19,province,mb,1243.0,231.0,228.0,8.0,8.0,0.0,228.0,0.0,82.0,82.0,0.0,79.0,0.0,82.0,21.0,79.0,0.0,2.0,0.0,0.0,18.58407079646018,0.0,2.4390243902439024,3.508771929824561,0.0,25.609756097560975,3.508771929824561,0.0
2024-10-12,province,qc,10199.0,1499.0,7074.0,19.0,15.0,4.0,6174.0,161.0,1676.0,1695.0,44.0,1679.0,4.0,1743.0,346.0,1601.0,18.0,28.0,1.1242973141786383,0.23823704586063135,14.697519364643593,2.6077097505668934,1.6706443914081146,0.2685891998869098,2.5958702064896757,19.85083189902467,0.21204410517387615,0.05654509471303364
2024-10-12,region,atlantic,3644.0,469.0,2996.0,1.0,1.0,0.0,2877.0,10.0,921.0,921.0,14.0,921.0,1.0,921.0,228.0,921.0,2.0,16.0,0.21715526601520088,0.10857763300760044,12.870472008781558,0.3475842891901286,1.737242128121607,0.03337783711615487,1.520086862106406,24.7557003257329,0.03337783711615487,0.0
2024-10-12,province,nb,1110.0,133.0,789.0,0.0,0.0,0.0,789.0,0.0,159.0,159.0,2.0,159.0,0.0,159.0,43.0,159.0,0.0,3.0,0.0,0.0,11.981981981981981,0.0,1.8867924528301887,0.0,1.257861635220126,27.044025157232703,0.0,0.0
2024-10-12,province,ns,1585.0,236.0,1455.0,1.0,1.0,0.0,1336.0,7.0,54.0,54.0,1.0,54.0,0.0,54.0,9.0,54.0,0.0,0.0,0.0,0.0,14.889589905362776,0.5239520958083832,0.0,0.06872852233676977,1.8518518518518516,16.666666666666664,0.06872852233676977,0.0
2024-10-05,province,ns,1659.0,294.0,1579.0,0.0,0.0,0.0,1469.0,4.0,53.0,53.0,1.0,53.0,0.0,53.0,21.0,53.0,0.0,1.0,0.0,0.0,17.72151898734177,0.2722940776038121,1.8867924528301887,0.0,1.8867924528301887,39.62264150943396,0.0,0.0
2024-10-05,province,nb,1194.0,167.0,841.0,0.0,0.0,0.0,841.0,1.0,167.0,167.0,1.0,167.0,0.0,167.0,46.0,167.0,5.0,4.0,2.9940119760479043,0.0,13.986599664991624,0.11890606420927466,2.3952095808383236,0.0,0.5988023952095809,27.54491017964072,0.0,0.0
2024-10-05,region,atlantic,3825.0,580.0,3136.0,1.0,1.0,0.0,3026.0,5.0,889.0,889.0,7.0,889.0,0.0,889.0,240.0,889.0,5.0,14.0,0.562429696287964,0.0,15.163398692810457,0.16523463317911435,1.574803149606299,0.03188775510204082,0.7874015748031495,26.996625421822273,0.03188775510204082,0.0
2024-10-05,province,qc,10840.0,1936.0,7083.0,23.0,15.0,8.0,6060.0,117.0,1622.0,1632.0,35.0,1616.0,3.0,1676.0,335.0,1563.0,31.0,28.0,1.983365323096609,0.18564356435643564,17.859778597785976,1.9306930693069306,1.726263871763255,0.3247211633488635,2.144607843137255,19.988066825775654,0.21177467174925876,0.1129464915996047
2024-10-05,province,on,8161.0,1273.0,6761.0,13.0,10.0,3.0,6767.0,40.0,5247.0,5255.0,23.0,5257.0,8.0,5259.0,947.0,3637.0,12.0,76.0,0.3299422601044817,0.15217804831653034,15.598578605563043,0.5911038865080538,1.4484467314655993,0.1922792486318592,0.43767840152235965,18.007225708309566,0.14790711433219939,0.04437213429965981
2024-10-05,province,mb,1350.0,265.0,401.0,1.0,1.0,0.0,401.0,0.0,102.0,102.0,3.0,139.0,0.0,102.0,39.0,139.0,0.0,1.0,0.0,0.0,19.62962962962963,0.0,0.9803921568627451,0.24937655860349126,2.941176470588235,38.23529411764706,0.24937655860349126,0.0
2024-10-05,province,sk,1635.0,287.0,1257.0,7.0,7.0,0.0,1162.0,1.0,513.0,513.0,4.0,513.0,0.0,513.0,110.0,513.0,3.0,2.0,0.5847953216374269,0.0,17.553516819571865,0.08605851979345956,0.3898635477582846,0.5568814638027049,0.7797270955165692,21.44249512670565,0.5568814638027049,0.0
2024-10-05,province,ab,5212.0,634.0,1993.0,16.0,16.0,0.0,1878.0,3.0,1121.0,1120.0,11.0,1117.0,0.0,1100.0,191.0,1121.0,1.0,14.0,0.08920606601248886,0.0,12.164236377590177,0.1597444089456869,1.2488849241748439,0.8028098344204716,0.9821428571428571,17.363636363636363,0.8028098344204716,0.0
2024-10-05,region,prairies,8197.0,1186.0,3651.0,24.0,24.0,0.0,3441.0,4.0,1736.0,1735.0,18.0,1769.0,0.0,1715.0,340.0,1773.0,4.0,17.0,0.2256063169768754,0.0,14.468708063925826,0.11624527753560013,0.9792626728110598,0.657354149548069,1.037463976945245,19.825072886297377,0.657354149548069,0.0
2024-10-05,province,bc,3588.0,630.0,3554.0,39.0,38.0,1.0,3539.0,14.0,878.0,915.0,16.0,878.0,13.0,901.0,194.0,872.0,4.0,18.0,0.45871559633027525,1.4806378132118452,17.558528428093645,0.3955919751342187,2.050113895216401,1.0973550928531233,1.7486338797814207,21.53163152053274,1.0692177827799663,0.028137310073157007
2024-10-05,territory,yk,34.0,1.0,18.0,0.0,0.0,0.0,18.0,0.0,,,,,,,,,,0.0,,,2.941176470588235,0.0,,0.0,,,0.0,0.0
2024-10-05,territory,nt,38.0,2.0,38.0,0.0,0.0,0.0,38.0,0.0,,38.0,4.0,38.0,1.0,38.0,14.0,,,0.0,,2.631578947368421,5.263157894736842,0.0,,0.0,10.526315789473683,36.84210526315789,0.0,0.0
2024-10-05,territory,nu,73.0,4.0,53.0,0.0,0.0,0.0,53.0,0.0,,,,,,,,,,0.0,,,5.47945205479452,0.0,,0.0,,,0.0,0.0
2024-10-05,region,territories,145.0,7.0,109.0,0.0,0.0,0.0,109.0,0.0,,38.0,4.0,38.0,1.0,38.0,14.0,,,0.0,,2.631578947368421,4.827586206896552,0.0,,0.0,10.526315789473683,36.84210526315789,0.0,0.0
2024-10-05,nation,ca,34756.0,5612.0,24294.0,100.0,88.0,12.0,22942.0,180.0,10372.0,10464.0,103.0,10447.0,25.0,10478.0,2070.0,8734.0,56.0,153.0,0.6411724295855279,0.23930314922944387,16.14685234204166,0.7845872199459506,1.4751253374469726,0.41162426936692187,0.9843272171253822,19.755678564611568,0.3622293570428912,0.04939491232403062
2024-10-12,province,nl,777.0,76.0,673.0,0.0,0.0,0.0,673.0,1.0,673.0,673.0,9.0,673.0,1.0,673.0,164.0,673.0,1.0,11.0,0.1485884101040119,0.1485884101040119,9.78120978120978,0.1485884101040119,1.634472511144131,0.0,1.337295690936107,24.368499257057948,0.0,0.0
2024-10-12,province,pe,172.0,24.0,79.0,0.0,0.0,0.0,79.0,2.0,35.0,35.0,2.0,35.0,0.0,35.0,12.0,35.0,1.0,2.0,2.857142857142857,0.0,13.953488372093023,2.5316455696202533,5.714285714285714,0.0,5.714285714285714,34.285714285714285,0.0,0.0
2024-10-19,province,sk,1648.0,274.0,1297.0,5.0,1.0,4.0,1190.0,4.0,551.0,551.0,2.0,551.0,1.0,551.0,82.0,551.0,0.0,10.0,0.0,0.18148820326678766,16.62621359223301,0.33613445378151263,1.8148820326678767,0.3855050115651504,0.3629764065335753,14.882032667876588,0.07710100231303006,0.30840400925212025
2024-10-19,province,ab,5606.0,770.0,2443.0,19.0,19.0,0.0,2847.0,17.0,1128.0,1128.0,11.0,1128.0,1.0,1120.0,136.0,1128.0,1.0,11.0,0.08865248226950355,0.08865248226950355,13.735283624687836,0.597119775201967,0.975177304964539,0.7777322963569382,0.975177304964539,12.142857142857142,0.7777322963569382,0.0
2024-10-19,region,prairies,8497.0,1275.0,3968.0,32.0,28.0,4.0,4265.0,21.0,1761.0,1761.0,13.0,1758.0,2.0,1753.0,239.0,1758.0,1.0,23.0,0.05688282138794084,0.11376564277588168,15.00529598681888,0.492379835873388,1.306076093128904,0.8064516129032258,0.7382169222032936,13.63377067883628,0.7056451612903225,0.10080645161290322
2024-10-26,territory,nu,140.0,15.0,90.0,0.0,0.0,0.0,90.0,0.0,,,,,,,,,,0.0,,,10.714285714285714,0.0,,0.0,,,0.0,0.0
2024-10-26,nation,ca,35460.0,5337.0,26065.0,136.0,118.0,18.0,25890.0,385.0,11237.0,11342.0,130.0,11310.0,29.0,11340.0,1649.0,9438.0,38.0,236.0,0.4026276753549481,0.2564102564102564,15.050761421319796,1.4870606411741987,2.10020468096467,0.5217724918473049,1.146182331158526,14.541446208112873,0.452714367926338,0.06905812392096682
2024-11-02,province,nl,841.0,71.0,749.0,1.0,1.0,0.0,749.0,1.0,749.0,749.0,11.0,749.0,1.0,749.0,126.0,749.0,3.0,8.0,0.4005340453938585,0.13351134846461948,8.442330558858501,0.13351134846461948,1.0680907877169559,0.13351134846461948,1.4686248331108143,16.822429906542055,0.13351134846461948,0.0
2024-11-02,province,pe,168.0,16.0,65.0,0.0,0.0,0.0,65.0,1.0,23.0,23.0,0.0,23.0,0.0,23.0,15.0,23.0,0.0,3.0,0.0,0.0,9.523809523809524,1.5384615384615385,13.043478260869565,0.0,0.0,65.21739130434783,0.0,0.0
2024-11-02,province,ns,1217.0,149.0,1122.0,2.0,2.0,0.0,1021.0,3.0,55.0,55.0,1.0,55.0,0.0,55.0,15.0,55.0,1.0,1.0,1.8181818181818181,0.0,12.243221035332786,0.2938295788442703,1.8181818181818181,0.17825311942959002,1.8181818181818181,27.27272727272727,0.17825311942959002,0.0
2024-11-02,province,nb,1122.0,114.0,847.0,2.0,2.0,0.0,847.0,2.0,160.0,160.0,5.0,160.0,1.0,160.0,27.0,160.0,3.0,7.0,1.875,0.625,10.16042780748663,0.23612750885478156,4.375,0.23612750885478156,3.125,16.875,0.23612750885478156,0.0
2024-11-02,region,atlantic,3348.0,350.0,2783.0,5.0,5.0,0.0,2682.0,7.0,987.0,987.0,17.0,987.0,2.0,987.0,183.0,987.0,7.0,19.0,0.7092198581560284,0.2026342451874367,10.454002389486261,0.2609992542878449,1.9250253292806485,0.17966223499820336,1.7223910840932117,18.541033434650455,0.17966223499820336,0.0
2024-11-02,province,qc,9298.0,1227.0,7395.0,50.0,38.0,12.0,6466.0,278.0,1669.0,1679.0,47.0,1671.0,10.0,1728.0,258.0,1559.0,15.0,32.0,0.9621552277100706,0.5984440454817475,13.19638631963863,4.2994123105474795,1.9173157579388855,0.676132521974307,2.799285288862418,14.930555555555555,0.5138607167004733,0.16227180527383367
2024-11-02,province,on,8524.0,1375.0,7616.0,49.0,47.0,2.0,7616.0,117.0,5498.0,5498.0,44.0,5497.0,8.0,5497.0,648.0,3689.0,11.0,122.0,0.29818378964489023,0.14553392759687103,16.130924448615673,1.5362394957983192,2.2189887231720626,0.6433823529411764,0.8002910149145145,11.788248135346553,0.6171218487394958,0.026260504201680673
2024-11-02,province,mb,1514.0,324.0,524.0,15.0,15.0,0.0,524.0,8.0,109.0,109.0,1.0,123.0,0.0,109.0,24.0,123.0,0.0,2.0,0.0,0.0,21.400264200792602,1.5267175572519083,1.834862385321101,2.8625954198473282,0.9174311926605505,22.018348623853214,2.8625954198473282,0.0
2024-11-02,province,sk,1583.0,229.0,1128.0,2.0,0.0,2.0,1004.0,2.0,403.0,403.0,1.0,403.0,1.0,403.0,67.0,403.0,0.0,8.0,0.0,0.24813895781637718,14.466203411244472,0.199203187250996,1.9851116625310175,0.1773049645390071,0.24813895781637718,16.62531017369727,0.0,0.1773049645390071
2024-11-02,province,ab,5749.0,665.0,2091.0,25.0,24.0,1.0,3113.0,32.0,995.0,995.0,12.0,995.0,0.0,984.0,94.0,995.0,6.0,8.0,0.6030150753768844,0.0,11.567229083318837,1.027947317699968,0.8040201005025126,1.1956001912960306,1.2060301507537687,9.552845528455284,1.1477761836441895,0.04782400765184123
2024-11-02,region,prairies,8846.0,1218.0,3743.0,42.0,39.0,3.0,4641.0,42.0,1507.0,1507.0,14.0,1521.0,1.0,1496.0,185.0,1521.0,6.0,18.0,0.39447731755424065,0.06574621959237344,13.76893511191499,0.904977375565611,1.1944260119442602,1.12209457654288,0.92899800928998,12.366310160427807,1.0419449639326743,0.08014961261020571
2024-11-02,province,bc,0.0,0.0,3243.0,47.0,45.0,2.0,3109.0,38.0,777.0,791.0,14.0,777.0,10.0,775.0,144.0,755.0,2.0,29.0,0.26490066225165565,1.287001287001287,0.0,1.2222579607590867,3.7323037323037322,1.4492753623188406,1.7699115044247788,18.580645161290324,1.3876040703052728,0.06167129201356768
2024-11-02,territory,yk,39.0,2.0,22.0,0.0,0.0,0.0,22.0,0.0,,,,,,,,,,0.0,,,5.128205128205128,0.0,,0.0,,,0.0,0.0
2024-11-02,territory,nt,22.0,3.0,22.0,0.0,0.0,0.0,22.0,0.0,,22.0,0.0,22.0,0.0,22.0,2.0,,,0.0,,0.0,13.636363636363635,0.0,,0.0,0.0,9.090909090909092,0.0,0.0
2024-11-02,territory,nu,84.0,6.0,64.0,0.0,0.0,0.0,64.0,0.0,,,,,,,,,,0.0,,,7.142857142857142,0.0,,0.0,,,0.0,0.0
2024-11-02,region,territories,145.0,11.0,108.0,0.0,0.0,0.0,108.0,0.0,,22.0,0.0,22.0,0.0,22.0,2.0,,,0.0,,0.0,7.586206896551724,0.0,,0.0,0.0,9.090909090909092,0.0,0.0
2024-10-26,region,territories,229.0,20.0,163.0,1.0,1.0,0.0,163.0,0.0,,45.0,0.0,45.0,0.0,45.0,7.0,,,0.0,,0.0,8.73362445414847,0.0,,0.6134969325153374,0.0,15.555555555555555,0.6134969325153374,0.0
2024-10-26,territory,nt,45.0,5.0,45.0,1.0,1.0,0.0,45.0,0.0,,45.0,0.0,45.0,0.0,45.0,7.0,,,0.0,,0.0,11.11111111111111,0.0,,2.2222222222222223,0.0,15.555555555555555,2.2222222222222223,0.0
2024-10-19,province,bc,3827.0,615.0,4004.0,47.0,46.0,1.0,3903.0,41.0,998.0,1029.0,12.0,998.0,10.0,1027.0,240.0,988.0,4.0,21.0,0.4048582995951417,1.002004008016032,16.070028743140842,1.0504739943633103,2.1042084168336674,1.1738261738261737,1.1661807580174928,23.369036027263874,1.1488511488511488,0.024975024975024976
2024-10-26,territory,yk,44.0,0.0,28.0,0.0,0.0,0.0,28.0,0.0,,,,,,,,,,0.0,,,0.0,0.0,,0.0,,,0.0,0.0
2024-10-19,territory,yk,41.0,1.0,34.0,1.0,1.0,0.0,34.0,0.0,,,,,,,,,,0.0,,,2.4390243902439024,0.0,,2.941176470588235,,,2.941176470588235,0.0
2024-10-19,territory,nt,46.0,9.0,46.0,0.0,0.0,0.0,46.0,0.0,,46.0,0.0,46.0,0.0,46.0,10.0,,,0.0,,0.0,19.565217391304348,0.0,,0.0,0.0,21.73913043478261,0.0,0.0
2024-10-19,territory,nu,92.0,12.0,53.0,0.0,0.0,0.0,53.0,0.0,,,,,,,,,,0.0,,,13.043478260869565,0.0,,0.0,,,0.0,0.0
2024-10-19,region,territories,179.0,22.0,133.0,1.0,1.0,0.0,133.0,0.0,,46.0,0.0,46.0,0.0,46.0,10.0,,,0.0,,0.0,12.290502793296088,0.0,,0.7518796992481203,0.0,21.73913043478261,0.7518796992481203,0.0
2024-10-19,nation,ca,34979.0,5450.0,25439.0,127.0,114.0,13.0,24723.0,326.0,10635.0,10738.0,104.0,10686.0,26.0,10779.0,1689.0,8805.0,38.0,169.0,0.4315729699034639,0.24330900243309003,15.580777037651162,1.3186102010273835,1.5890926187118009,0.4992334604347655,0.9685230024213075,15.669357083217367,0.44813082275246663,0.051102637682298835
2024-10-26,province,nl,879.0,86.0,744.0,3.0,3.0,0.0,744.0,0.0,744.0,744.0,5.0,744.0,0.0,744.0,141.0,744.0,2.0,14.0,0.2688172043010753,0.0,9.783845278725826,0.0,1.881720430107527,0.4032258064516129,0.6720430107526881,18.951612903225808,0.4032258064516129,0.0
2024-10-26,province,pe,259.0,40.0,145.0,0.0,0.0,0.0,145.0,1.0,27.0,27.0,1.0,27.0,0.0,27.0,11.0,27.0,0.0,3.0,0.0,0.0,15.444015444015443,0.6896551724137931,11.11111111111111,0.0,3.7037037037037033,40.74074074074074,0.0,0.0
2024-10-26,province,ns,1440.0,186.0,1326.0,0.0,0.0,0.0,1223.0,2.0,39.0,39.0,1.0,39.0,0.0,39.0,10.0,39.0,0.0,0.0,0.0,0.0,12.916666666666668,0.1635322976287817,0.0,0.0,2.564102564102564,25.64102564102564,0.0,0.0
2024-10-26,province,nb,1203.0,132.0,836.0,2.0,2.0,0.0,836.0,3.0,158.0,158.0,4.0,158.0,0.0,158.0,50.0,158.0,1.0,4.0,0.6329113924050633,0.0,10.972568578553615,0.3588516746411483,2.5316455696202533,0.23923444976076555,2.5316455696202533,31.645569620253166,0.23923444976076555,0.0
2024-10-26,region,atlantic,3781.0,444.0,3051.0,5.0,5.0,0.0,2948.0,6.0,968.0,968.0,11.0,968.0,0.0,968.0,212.0,968.0,3.0,21.0,0.30991735537190085,0.0,11.742925152076172,0.20352781546811397,2.169421487603306,0.16388069485414616,1.1363636363636365,21.90082644628099,0.16388069485414616,0.0
2024-10-26,province,qc,9971.0,1453.0,7412.0,19.0,11.0,8.0,6553.0,218.0,1794.0,1813.0,60.0,1797.0,4.0,1850.0,301.0,1680.0,18.0,46.0,1.0714285714285714,0.22259321090706735,14.572259552702837,3.326720585991149,2.564102564102564,0.2563410685375067,3.309431880860452,16.27027027027027,0.1484079870480302,0.10793308148947653
2024-10-26,province,on,8918.0,1620.0,7713.0,32.0,29.0,3.0,7712.0,90.0,5654.0,5654.0,33.0,5654.0,8.0,5654.0,701.0,3958.0,8.0,104.0,0.202122283981809,0.14149274849663954,18.16550796142633,1.1670124481327802,1.839405730456314,0.4148839621418384,0.5836575875486382,12.39830208701804,0.3759885906910411,0.038895371450797356
2024-10-26,province,mb,1510.0,292.0,586.0,8.0,8.0,0.0,586.0,3.0,99.0,99.0,1.0,125.0,2.0,99.0,28.0,125.0,0.0,2.0,0.0,1.6,19.337748344370862,0.5119453924914675,2.0202020202020203,1.3651877133105803,1.0101010101010102,28.28282828282828,1.3651877133105803,0.0
2024-10-26,province,sk,1744.0,323.0,1333.0,7.0,2.0,5.0,1199.0,2.0,521.0,521.0,9.0,521.0,1.0,521.0,81.0,521.0,1.0,5.0,0.19193857965451055,0.19193857965451055,18.520642201834864,0.16680567139282734,0.9596928982725527,0.5251312828207052,1.727447216890595,15.547024952015356,0.15003750937734434,0.3750937734433608
2024-10-26,province,ab,5860.0,736.0,2108.0,23.0,23.0,0.0,3143.0,27.0,1198.0,1198.0,7.0,1197.0,0.0,1176.0,128.0,1198.0,4.0,18.0,0.333889816360601,0.0,12.559726962457338,0.8590518612790328,1.5025041736227045,1.0910815939278937,0.5843071786310517,10.884353741496598,1.0910815939278937,0.0
2024-10-26,region,prairies,9114.0,1351.0,4027.0,38.0,33.0,5.0,4928.0,32.0,1818.0,1818.0,17.0,1843.0,3.0,1796.0,237.0,1844.0,5.0,25.0,0.27114967462039047,0.16277807921866522,14.823348694316435,0.6493506493506493,1.3751375137513753,0.9436304941643903,0.935093509350935,13.19599109131403,0.8194685870374968,0.12416190712689348
2024-10-26,province,bc,3447.0,449.0,3699.0,41.0,39.0,2.0,3586.0,39.0,1003.0,1044.0,9.0,1003.0,14.0,1027.0,191.0,988.0,4.0,40.0,0.4048582995951417,1.3958125623130608,13.025819553234697,1.0875627440044617,3.988035892323031,1.1084076777507434,0.8620689655172413,18.597857838364167,1.05433901054339,0.054068667207353344
2024-10-05,province,pe,196.0,22.0,68.0,0.0,0.0,0.0,68.0,0.0,21.0,21.0,0.0,21.0,0.0,21.0,12.0,21.0,0.0,1.0,0.0,0.0,11.224489795918368,0.0,4.761904761904762,0.0,0.0,57.14285714285714,0.0,0.0
2024-09-28,nation,ca,34088.0,5810.0,22509.0,109.0,101.0,8.0,21225.0,169.0,9435.0,9484.0,88.0,9515.0,20.0,9511.0,1945.0,7832.0,48.0,109.0,0.6128702757916241,0.21019442984760903,17.044121098333726,0.7962308598351002,1.1552729199788023,0.4842507441467857,0.9278785322648672,20.45000525707076,0.44870940512683816,0.035541339019947576
2024-08-31,nation,ca,26908.0,4805.0,18265.0,106.0,99.0,7.0,17044.0,88.0,7590.0,7633.0,67.0,7611.0,30.0,7697.0,734.0,6253.0,31.0,114.0,0.5,0.4,17.9,0.5,1.5,0.6,0.9,9.5,0.5,0.0
2024-09-07,territory,nu,91.0,5.0,80.0,1.0,1.0,0.0,80.0,0.0,,,,,,,,,,0.0,,,5.4945054945054945,0.0,,1.25,,,1.25,0.0
2024-09-07,province,on,5813.0,956.0,4929.0,9.0,9.0,0.0,4932.0,13.0,3532.0,3531.0,15.0,3556.0,9.0,3557.0,225.0,2298.0,9.0,68.0,0.39164490861618795,0.2530933633295838,16.445897127128852,0.2635847526358475,1.9252548131370328,0.18259281801582472,0.4248088360237893,6.325555243182457,0.18259281801582472,0.0
2024-09-07,province,mb,1136.0,215.0,414.0,1.0,1.0,0.0,414.0,0.0,78.0,78.0,2.0,97.0,0.0,78.0,25.0,97.0,0.0,6.0,0.0,0.0,18.926056338028168,0.0,7.6923076923076925,0.24154589371980675,2.564102564102564,32.05128205128205,0.24154589371980675,0.0
2024-09-07,province,sk,1140.0,151.0,828.0,7.0,5.0,2.0,759.0,1.0,322.0,322.0,3.0,322.0,0.0,322.0,60.0,322.0,2.0,3.0,0.6211180124223602,0.0,13.24561403508772,0.13175230566534915,0.9316770186335404,0.8454106280193237,0.9316770186335404,18.633540372670808,0.6038647342995169,0.24154589371980675
2024-09-07,province,ab,3290.0,393.0,1021.0,5.0,5.0,0.0,898.0,1.0,898.0,896.0,7.0,845.0,0.0,887.0,100.0,898.0,2.0,8.0,0.22271714922048996,0.0,11.945288753799392,0.11135857461024498,0.8908685968819599,0.4897159647404506,0.78125,11.273957158962796,0.4897159647404506,0.0
2024-09-07,region,prairies,5566.0,759.0,2263.0,13.0,11.0,2.0,2071.0,2.0,1298.0,1296.0,12.0,1264.0,0.0,1287.0,185.0,1317.0,4.0,17.0,0.30372057706909644,0.0,13.636363636363635,0.09657170449058425,1.3097072419106317,0.5744586831639417,0.9259259259259258,14.374514374514375,0.4860804242156429,0.08837825894829872
2024-09-07,province,bc,2807.0,535.0,2683.0,41.0,41.0,0.0,2709.0,2.0,715.0,715.0,9.0,715.0,4.0,712.0,86.0,712.0,0.0,12.0,0.0,0.5594405594405595,19.05949412183826,0.07382798080472498,1.6783216783216783,1.528140141632501,1.2587412587412588,12.07865168539326,1.528140141632501,0.0
2024-09-07,territory,yk,33.0,6.0,24.0,0.0,0.0,0.0,24.0,0.0,,,,,,,,,,0.0,,,18.181818181818183,0.0,,0.0,,,0.0,0.0
2024-09-07,territory,nt,42.0,10.0,42.0,0.0,0.0,0.0,42.0,0.0,,42.0,0.0,42.0,0.0,42.0,16.0,,,0.0,,0.0,23.809523809523807,0.0,,0.0,0.0,38.095238095238095,0.0,0.0
2024-09-07,region,territories,166.0,21.0,146.0,1.0,1.0,0.0,146.0,0.0,,42.0,0.0,42.0,0.0,42.0,16.0,,,0.0,,0.0,12.650602409638553,0.0,,0.684931506849315,0.0,38.095238095238095,0.684931506849315,0.0
2024-09-28,region,territories,211.0,16.0,173.0,1.0,1.0,0.0,173.0,0.0,,40.0,2.0,40.0,0.0,40.0,14.0,,,0.0,,0.0,7.5829383886255926,0.0,,0.5780346820809248,5.0,35.0,0.5780346820809248,0.0
2024-09-07,nation,ca,26988.0,4954.0,18364.0,88.0,82.0,6.0,17106.0,77.0,7534.0,7590.0,66.0,7556.0,18.0,7644.0,773.0,6244.0,36.0,127.0,0.5765534913516976,0.2382212811011117,18.356306506595523,0.4501344557465217,1.6856915317228562,0.4791984317142235,0.8695652173913043,10.11250654107797,0.44652581137007186,0.0326726203441516
2024-09-14,province,nl,566.0,89.0,478.0,0.0,0.0,0.0,478.0,0.0,478.0,478.0,6.0,478.0,1.0,478.0,74.0,478.0,0.0,8.0,0.0,0.20920502092050208,15.724381625441698,0.0,1.6736401673640167,0.0,1.2552301255230125,15.481171548117153,0.0,0.0
2024-09-14,province,pe,130.0,16.0,42.0,0.0,0.0,0.0,42.0,0.0,16.0,16.0,1.0,16.0,0.0,16.0,7.0,16.0,1.0,0.0,6.25,0.0,12.307692307692308,0.0,0.0,0.0,6.25,43.75,0.0,0.0
2024-09-14,province,ns,1331.0,239.0,1258.0,1.0,1.0,0.0,1171.0,1.0,54.0,54.0,2.0,54.0,0.0,54.0,14.0,64.0,0.0,0.0,0.0,0.0,17.95642374154771,0.08539709649871904,0.0,0.0794912559618442,3.7037037037037033,25.925925925925924,0.0794912559618442,0.0
2024-09-14,province,nb,1158.0,198.0,776.0,0.0,0.0,0.0,776.0,0.0,150.0,150.0,3.0,150.0,0.0,150.0,26.0,150.0,3.0,0.0,2.0,0.0,17.098445595854923,0.0,0.0,0.0,2.0,17.333333333333336,0.0,0.0
2024-09-14,region,atlantic,3185.0,542.0,2554.0,1.0,1.0,0.0,2467.0,1.0,698.0,698.0,12.0,698.0,1.0,698.0,121.0,708.0,4.0,8.0,0.5649717514124294,0.14326647564469913,17.017268445839875,0.040535062829347386,1.146131805157593,0.03915426781519186,1.7191977077363898,17.335243553008596,0.03915426781519186,0.0
2024-09-14,province,qc,11088.0,2496.0,6977.0,11.0,8.0,3.0,5761.0,75.0,1587.0,1601.0,17.0,1579.0,1.0,1650.0,250.0,1534.0,23.0,23.0,1.4993481095176011,0.06333122229259025,22.51082251082251,1.3018573164381184,1.4492753623188406,0.15766088576752185,1.061836352279825,15.151515151515152,0.11466246237637953,0.04299842339114232
2024-09-14,province,on,7089.0,1298.0,5653.0,19.0,19.0,0.0,5654.0,25.0,4132.0,4132.0,17.0,4155.0,6.0,4155.0,420.0,2762.0,10.0,52.0,0.3620564808110065,0.1444043321299639,18.310057836084074,0.44216483905199855,1.2584704743465636,0.33610472315584644,0.41142303969022265,10.108303249097473,0.33610472315584644,0.0
2024-09-07,province,qc,9733.0,2180.0,6078.0,22.0,18.0,4.0,5030.0,60.0,1412.0,1429.0,22.0,1402.0,3.0,1469.0,188.0,1340.0,21.0,23.0,1.5671641791044775,0.21398002853067047,22.398027329703073,1.1928429423459244,1.6288951841359773,0.361961171437973,1.5395381385584324,12.79782164737917,0.29615004935834155,0.06581112207963145
2024-09-07,region,atlantic,2903.0,503.0,2265.0,2.0,2.0,0.0,2218.0,0.0,577.0,577.0,8.0,577.0,2.0,577.0,73.0,577.0,2.0,7.0,0.34662045060658575,0.34662045060658575,17.3269032035825,0.0,1.2131715771230502,0.08830022075055188,1.386481802426343,12.65164644714038,0.08830022075055188,0.0
2024-09-07,province,nb,1064.0,176.0,648.0,0.0,0.0,0.0,648.0,0.0,105.0,105.0,3.0,105.0,0.0,105.0,16.0,105.0,1.0,0.0,0.9523809523809524,0.0,16.541353383458645,0.0,0.0,0.0,2.857142857142857,15.238095238095239,0.0,0.0
2024-09-07,province,ns,1205.0,228.0,1162.0,2.0,2.0,0.0,1115.0,0.0,44.0,44.0,0.0,44.0,0.0,44.0,7.0,44.0,0.0,0.0,0.0,0.0,18.92116182572614,0.0,0.0,0.17211703958691912,0.0,15.909090909090908,0.17211703958691912,0.0
2024-08-31,province,ns,1198.0,247.0,1143.0,2.0,1.0,1.0,1047.0,0.0,44.0,44.0,0.0,44.0,0.0,44.0,10.0,44.0,0.0,0.0,0.0,0.0,20.617696160267112,0.0,0.0,0.17497812773403326,0.0,22.727272727272727,0.08748906386701663,0.08748906386701663
2024-08-31,province,nb,1073.0,180.0,645.0,0.0,0.0,0.0,645.0,1.0,99.0,99.0,1.0,99.0,0.0,99.0,12.0,99.0,1.0,0.0,1.0101010101010102,0.0,16.775396085740912,0.15503875968992248,0.0,0.0,1.0101010101010102,12.121212121212121,0.0,0.0
2024-08-31,region,atlantic,2933.0,518.0,2242.0,2.0,1.0,1.0,2146.0,2.0,576.0,576.0,10.0,576.0,1.0,576.0,57.0,576.0,3.0,8.0,0.5208333333333333,0.1736111111111111,17.66109785202864,0.09319664492078285,1.3888888888888888,0.08920606601248886,1.7361111111111112,9.895833333333332,0.04460303300624443,0.04460303300624443
2024-08-31,province,qc,9440.0,2147.0,6044.0,9.0,7.0,2.0,5098.0,57.0,1456.0,1473.0,21.0,1448.0,11.0,1523.0,184.0,1400.0,16.0,26.0,1.1428571428571428,0.7596685082872928,22.74364406779661,1.118085523734798,1.7857142857142856,0.14890800794176043,1.4256619144602851,12.081418253447143,0.1158173395102581,0.03309066843150232
2024-08-31,province,on,6459.0,995.0,5205.0,20.0,18.0,2.0,5205.0,13.0,3723.0,3723.0,14.0,3747.0,7.0,3747.0,254.0,2406.0,8.0,57.0,0.3325020781379884,0.1868161195623165,15.404861433658462,0.24975984630163303,1.5310233682514103,0.38424591738712777,0.37604082728982,6.778756338404057,0.345821325648415,0.03842459173871278
2024-08-31,province,mb,1095.0,188.0,321.0,0.0,0.0,0.0,321.0,1.0,43.0,43.0,1.0,83.0,0.0,43.0,11.0,83.0,0.0,3.0,0.0,0.0,17.168949771689498,0.3115264797507788,6.976744186046512,0.0,2.3255813953488373,25.581395348837212,0.0,0.0
2024-08-31,province,sk,1090.0,130.0,868.0,32.0,31.0,1.0,776.0,2.0,322.0,322.0,10.0,322.0,1.0,322.0,43.0,322.0,0.0,2.0,0.0,0.3105590062111801,11.926605504587156,0.25773195876288657,0.6211180124223602,3.686635944700461,3.1055900621118013,13.354037267080745,3.571428571428571,0.1152073732718894
2024-08-31,province,ab,3141.0,320.0,936.0,8.0,8.0,0.0,849.0,1.0,849.0,849.0,9.0,788.0,1.0,843.0,119.0,849.0,3.0,9.0,0.35335689045936397,0.12690355329949238,10.187838268067495,0.11778563015312131,1.0600706713780919,0.8547008547008548,1.0600706713780919,14.116251482799525,0.8547008547008548,0.0
2024-08-31,region,prairies,5326.0,638.0,2125.0,40.0,39.0,1.0,1946.0,4.0,1214.0,1214.0,20.0,1193.0,2.0,1208.0,173.0,1254.0,3.0,14.0,0.23923444976076555,0.16764459346186086,11.97897108524221,0.20554984583761562,1.1532125205930808,1.8823529411764703,1.6474464579901154,14.321192052980134,1.835294117647059,0.047058823529411764
2024-08-31,province,bc,2571.0,484.0,2517.0,35.0,34.0,1.0,2517.0,12.0,621.0,621.0,2.0,621.0,9.0,617.0,55.0,617.0,1.0,9.0,0.1620745542949757,1.4492753623188406,18.82535978218592,0.47675804529201427,1.4492753623188406,1.3905442987683752,0.322061191626409,8.914100486223662,1.3508144616607072,0.03972983710766786
2024-08-31,territory,yk,46.0,10.0,24.0,0.0,0.0,0.0,24.0,0.0,,,,,,,,,,0.0,,,21.73913043478261,0.0,,0.0,,,0.0,0.0
2024-08-31,territory,nt,26.0,8.0,26.0,0.0,0.0,0.0,26.0,0.0,,26.0,0.0,26.0,0.0,26.0,11.0,,,0.0,,0.0,30.76923076923077,0.0,,0.0,0.0,42.30769230769231,0.0,0.0
2024-08-31,territory,nu,107.0,5.0,82.0,0.0,0.0,0.0,82.0,0.0,,,,,,,,,,0.0,,,4.672897196261682,0.0,,0.0,,,0.0,0.0
2024-08-31,region,territories,179.0,23.0,132.0,0.0,0.0,0.0,132.0,0.0,,26.0,0.0,26.0,0.0,26.0,11.0,,,0.0,,0.0,12.849162011173185,0.0,,0.0,0.0,42.30769230769231,0.0,0.0
2024-09-07,province,nl,511.0,74.0,417.0,0.0,0.0,0.0,417.0,0.0,417.0,417.0,4.0,417.0,2.0,417.0,46.0,417.0,1.0,7.0,0.2398081534772182,0.4796163069544364,14.481409001956946,0.0,1.6786570743405276,0.0,0.9592326139088728,11.031175059952037,0.0,0.0
2024-09-07,province,pe,123.0,25.0,38.0,0.0,0.0,0.0,38.0,0.0,11.0,11.0,1.0,11.0,0.0,11.0,4.0,11.0,0.0,0.0,0.0,0.0,20.32520325203252,0.0,0.0,0.0,9.090909090909092,36.36363636363637,0.0,0.0
2024-09-14,province,mb,1118.0,183.0,424.0,3.0,3.0,0.0,424.0,0.0,80.0,80.0,1.0,100.0,0.0,80.0,21.0,100.0,1.0,3.0,1.0,0.0,16.368515205724506,0.0,3.75,0.7075471698113208,1.25,26.25,0.7075471698113208,0.0
2024-09-14,province,sk,1312.0,172.0,938.0,9.0,7.0,2.0,847.0,4.0,354.0,354.0,1.0,354.0,0.0,354.0,53.0,354.0,0.0,4.0,0.0,0.0,13.109756097560975,0.47225501770956313,1.1299435028248588,0.9594882729211088,0.2824858757062147,14.971751412429379,0.7462686567164178,0.21321961620469082
2024-09-14,province,ab,3571.0,415.0,1087.0,8.0,6.0,2.0,935.0,3.0,934.0,932.0,9.0,845.0,7.0,912.0,147.0,934.0,4.0,5.0,0.4282655246252677,0.8284023668639053,11.621394567348082,0.32085561497326204,0.5353319057815845,0.7359705611775529,0.9656652360515022,16.11842105263158,0.5519779208831647,0.18399264029438822
2024-09-21,territory,nt,47.0,6.0,45.0,0.0,0.0,0.0,45.0,0.0,,45.0,0.0,45.0,0.0,45.0,16.0,,,0.0,,0.0,12.76595744680851,0.0,,0.0,0.0,35.55555555555556,0.0,0.0
2024-09-21,region,territories,208.0,22.0,170.0,1.0,1.0,0.0,170.0,0.0,,45.0,0.0,45.0,0.0,45.0,16.0,,,0.0,,0.0,10.576923076923077,0.0,,0.5882352941176471,0.0,35.55555555555556,0.5882352941176471,0.0
2024-09-21,nation,ca,32233.0,6093.0,21217.0,112.0,102.0,10.0,19795.0,111.0,8906.0,8970.0,65.0,8894.0,20.0,8999.0,1710.0,7456.0,54.0,116.0,0.7242489270386265,0.22487069934787499,18.902987621381815,0.5607476635514018,1.3024927015495171,0.5278785879247773,0.7246376811594203,19.002111345705078,0.48074657114577934,0.047132016778997976
2024-09-28,province,nl,789.0,103.0,641.0,0.0,0.0,0.0,641.0,0.0,641.0,641.0,4.0,641.0,4.0,641.0,164.0,641.0,3.0,6.0,0.46801872074883,0.62402496099844,13.054499366286437,0.0,0.93603744149766,0.0,0.62402496099844,25.585023400936034,0.0,0.0
2024-09-28,province,pe,161.0,28.0,68.0,0.0,0.0,0.0,68.0,3.0,19.0,19.0,0.0,19.0,0.0,19.0,10.0,19.0,1.0,0.0,5.263157894736842,0.0,17.391304347826086,4.411764705882353,0.0,0.0,0.0,52.63157894736842,0.0,0.0
2024-09-28,province,ns,1560.0,286.0,1496.0,4.0,4.0,0.0,1393.0,0.0,36.0,36.0,1.0,36.0,0.0,36.0,7.0,36.0,1.0,0.0,2.7777777777777777,0.0,18.333333333333332,0.0,0.0,0.267379679144385,2.7777777777777777,19.444444444444446,0.267379679144385,0.0
2024-09-28,province,nb,1348.0,212.0,880.0,2.0,2.0,0.0,880.0,0.0,138.0,138.0,3.0,138.0,0.0,138.0,43.0,138.0,2.0,0.0,1.4492753623188406,0.0,15.727002967359049,0.0,0.0,0.22727272727272727,2.1739130434782608,31.15942028985507,0.22727272727272727,0.0
2024-09-28,region,atlantic,3858.0,629.0,3085.0,6.0,6.0,0.0,2982.0,3.0,834.0,834.0,8.0,834.0,4.0,834.0,224.0,834.0,7.0,6.0,0.8393285371702638,0.4796163069544364,16.303784344219803,0.1006036217303823,0.7194244604316548,0.1944894651539708,0.9592326139088728,26.85851318944844,0.1944894651539708,0.0
2024-09-28,province,qc,11332.0,2307.0,7310.0,15.0,10.0,5.0,6297.0,123.0,1714.0,1723.0,48.0,1712.0,0.0,1771.0,371.0,1652.0,21.0,22.0,1.2711864406779663,0.0,20.358277444405225,1.953311100524059,1.2835472578763127,0.2051983584131327,2.7858386535113175,20.948616600790515,0.13679890560875513,0.06839945280437756
2024-09-28,province,on,7281.0,1095.0,5838.0,12.0,10.0,2.0,5839.0,24.0,4419.0,4419.0,15.0,4421.0,9.0,4422.0,774.0,2845.0,12.0,52.0,0.421792618629174,0.2035738520696675,15.03914297486609,0.41102928583661585,1.1767368182846798,0.20554984583761562,0.3394433129667346,17.503392130257804,0.17129153819801302,0.0342583076396026
2024-09-28,province,mb,1327.0,259.0,411.0,1.0,1.0,0.0,411.0,0.0,67.0,67.0,0.0,110.0,0.0,67.0,20.0,110.0,0.0,2.0,0.0,0.0,19.51770911831198,0.0,2.9850746268656714,0.24330900243309003,0.0,29.850746268656714,0.24330900243309003,0.0
2024-09-28,province,sk,1384.0,235.0,1088.0,3.0,3.0,0.0,995.0,6.0,445.0,445.0,1.0,445.0,1.0,445.0,85.0,445.0,0.0,2.0,0.0,0.22471910112359553,16.979768786127167,0.6030150753768844,0.44943820224719105,0.2757352941176471,0.22471910112359553,19.101123595505616,0.2757352941176471,0.0
2024-09-28,province,ab,5249.0,632.0,1189.0,6.0,6.0,0.0,1113.0,6.0,1113.0,1113.0,12.0,1110.0,0.0,1099.0,248.0,1113.0,5.0,11.0,0.44923629829290207,0.0,12.040388645456277,0.5390835579514826,0.9883198562443846,0.5046257359125316,1.078167115902965,22.56596906278435,0.5046257359125316,0.0
2024-09-28,region,prairies,7960.0,1126.0,2688.0,10.0,10.0,0.0,2519.0,12.0,1625.0,1625.0,13.0,1665.0,1.0,1611.0,353.0,1668.0,5.0,15.0,0.2997601918465228,0.06006006006006006,14.14572864321608,0.4763795156808257,0.9230769230769231,0.3720238095238095,0.8,21.91185599006828,0.3720238095238095,0.0
2024-09-28,province,bc,3446.0,637.0,3415.0,65.0,64.0,1.0,3415.0,7.0,843.0,843.0,2.0,843.0,6.0,833.0,209.0,833.0,3.0,14.0,0.36014405762304924,0.7117437722419928,18.485200232153222,0.20497803806734993,1.6607354685646498,1.903367496339678,0.2372479240806643,25.090036014405765,1.8740849194729137,0.029282576866764276
2024-09-28,territory,yk,45.0,4.0,33.0,1.0,1.0,0.0,33.0,0.0,,,,,,,,,,0.0,,,8.88888888888889,0.0,,3.0303030303030303,,,3.0303030303030303,0.0
2024-09-28,territory,nt,40.0,1.0,40.0,0.0,0.0,0.0,40.0,0.0,,40.0,2.0,40.0,0.0,40.0,14.0,,,0.0,,0.0,2.5,0.0,,0.0,5.0,35.0,0.0,0.0
2024-09-28,territory,nu,126.0,11.0,100.0,0.0,0.0,0.0,100.0,0.0,,,,,,,,,,0.0,,,8.73015873015873,0.0,,0.0,,,0.0,0.0
2024-09-21,territory,nu,111.0,10.0,88.0,0.0,0.0,0.0,88.0,0.0,,,,,,,,,,0.0,,,9.00900900900901,0.0,,0.0,,,0.0,0.0
2024-09-21,territory,yk,50.0,6.0,37.0,1.0,1.0,0.0,37.0,0.0,,,,,,,,,,0.0,,,12.0,0.0,,2.7027027027027026,,,2.7027027027027026,0.0
2024-09-14,region,prairies,6001.0,770.0,2449.0,20.0,16.0,4.0,2206.0,7.0,1368.0,1366.0,11.0,1299.0,7.0,1346.0,221.0,1388.0,5.0,12.0,0.36023054755043227,0.5388760585065435,12.831194800866522,0.3173164097914778,0.8771929824561403,0.8166598611678236,0.8052708638360175,16.419019316493312,0.6533278889342589,0.16333197223356472
2024-09-21,province,bc,3075.0,531.0,3033.0,60.0,60.0,0.0,3033.0,12.0,831.0,831.0,2.0,831.0,4.0,823.0,186.0,823.0,4.0,22.0,0.48602673147023084,0.48134777376654636,17.268292682926827,0.3956478733926805,2.6474127557160045,1.9782393669634024,0.24067388688327318,22.600243013365734,1.9782393669634024,0.0
2024-09-14,province,bc,2919.0,551.0,2832.0,59.0,57.0,2.0,2826.0,9.0,713.0,713.0,5.0,713.0,6.0,704.0,110.0,704.0,7.0,10.0,0.9943181818181818,0.8415147265077139,18.876327509421035,0.3184713375796179,1.402524544179523,2.083333333333333,0.7012622720897616,15.625,2.0127118644067794,0.07062146892655367
2024-09-14,territory,yk,56.0,13.0,43.0,0.0,0.0,0.0,42.0,0.0,,,,,,,,,,0.0,,,23.214285714285715,0.0,,0.0,,,0.0,0.0
2024-09-14,territory,nt,37.0,7.0,37.0,1.0,1.0,0.0,37.0,0.0,,37.0,0.0,37.0,0.0,37.0,11.0,,,0.0,,0.0,18.91891891891892,0.0,,2.7027027027027026,0.0,29.72972972972973,2.7027027027027026,0.0
2024-09-14,territory,nu,97.0,9.0,65.0,1.0,0.0,1.0,65.0,1.0,,,,,,,,,,0.0,,,9.278350515463918,1.5384615384615385,,1.5384615384615385,,,0.0,1.5384615384615385
2024-09-14,region,territories,190.0,29.0,145.0,2.0,1.0,1.0,144.0,1.0,,37.0,0.0,37.0,0.0,37.0,11.0,,,0.0,,0.0,15.263157894736842,0.6944444444444444,,1.3793103448275863,0.0,29.72972972972973,0.6896551724137931,0.6896551724137931
2024-09-14,nation,ca,30472.0,5686.0,20610.0,112.0,102.0,10.0,19058.0,118.0,8498.0,8547.0,62.0,8481.0,21.0,8590.0,1133.0,7096.0,49.0,105.0,0.6905298759864713,0.24761230986911922,18.65975321606721,0.6191625564067583,1.2355848434925865,0.5434255215914605,0.7254007254007254,13.189755529685682,0.4949053857350801,0.048520135856380396
2024-09-21,province,nl,775.0,101.0,641.0,0.0,0.0,0.0,641.0,0.0,641.0,641.0,5.0,641.0,1.0,641.0,150.0,641.0,2.0,6.0,0.31201248049922,0.15600624024961,13.032258064516128,0.0,0.93603744149766,0.0,0.7800312012480499,23.400936037441497,0.0,0.0
2024-09-21,province,pe,136.0,15.0,42.0,0.0,0.0,0.0,42.0,0.0,11.0,11.0,0.0,11.0,0.0,11.0,7.0,11.0,2.0,0.0,18.181818181818183,0.0,11.029411764705882,0.0,0.0,0.0,0.0,63.63636363636363,0.0,0.0
2024-09-21,province,ns,1339.0,279.0,1272.0,1.0,1.0,0.0,1177.0,0.0,42.0,42.0,0.0,42.0,0.0,42.0,13.0,42.0,1.0,0.0,2.380952380952381,0.0,20.83644510828977,0.0,0.0,0.07861635220125787,0.0,30.952380952380953,0.07861635220125787,0.0
2024-09-21,province,nb,1272.0,204.0,859.0,0.0,0.0,0.0,859.0,0.0,153.0,153.0,5.0,153.0,0.0,153.0,47.0,153.0,5.0,4.0,3.2679738562091507,0.0,16.037735849056602,0.0,2.6143790849673203,0.0,3.2679738562091507,30.718954248366014,0.0,0.0
2024-09-21,region,atlantic,3522.0,599.0,2814.0,1.0,1.0,0.0,2719.0,0.0,847.0,847.0,10.0,847.0,1.0,847.0,217.0,847.0,10.0,10.0,1.1806375442739079,0.11806375442739078,17.007382169222033,0.0,1.1806375442739079,0.03553660270078181,1.1806375442739079,25.6198347107438,0.03553660270078181,0.0
2024-09-21,province,qc,11802.0,2724.0,7152.0,19.0,15.0,4.0,6048.0,76.0,1584.0,1600.0,20.0,1581.0,4.0,1644.0,319.0,1532.0,30.0,28.0,1.95822454308094,0.2530044275774826,23.08083375699034,1.2566137566137565,1.7676767676767675,0.2656599552572707,1.25,19.40389294403893,0.20973154362416108,0.05592841163310962
2024-09-21,province,on,7047.0,1301.0,5592.0,16.0,15.0,1.0,5593.0,20.0,4146.0,4149.0,16.0,4155.0,10.0,4155.0,655.0,2732.0,5.0,45.0,0.18301610541727673,0.24067388688327318,18.461756775933022,0.3575898444484177,1.085383502170767,0.28612303290414876,0.3856350927934442,15.764139590854393,0.26824034334763946,0.017882689556509297
2024-09-21,province,mb,1105.0,199.0,290.0,0.0,0.0,0.0,290.0,0.0,67.0,67.0,2.0,91.0,0.0,67.0,28.0,91.0,0.0,2.0,0.0,0.0,18.009049773755656,0.0,2.9850746268656714,0.0,2.9850746268656714,41.7910447761194,0.0,0.0
2024-09-21,province,sk,1404.0,220.0,1060.0,3.0,1.0,2.0,952.0,1.0,441.0,441.0,5.0,441.0,1.0,441.0,77.0,441.0,0.0,1.0,0.0,0.22675736961451248,15.669515669515668,0.10504201680672269,0.22675736961451248,0.2830188679245283,1.1337868480725624,17.46031746031746,0.09433962264150944,0.18867924528301888
2024-09-21,province,ab,4070.0,497.0,1106.0,12.0,9.0,3.0,990.0,2.0,990.0,990.0,10.0,903.0,0.0,977.0,212.0,990.0,5.0,8.0,0.5050505050505051,0.0,12.211302211302211,0.20202020202020202,0.8080808080808081,1.0849909584086799,1.0101010101010102,21.699078812691912,0.81374321880651,0.27124773960216997
2024-09-21,region,prairies,6579.0,916.0,2456.0,15.0,10.0,5.0,2232.0,3.0,1498.0,1498.0,17.0,1435.0,1.0,1485.0,317.0,1522.0,5.0,11.0,0.328515111695138,0.06968641114982578,13.923088615291077,0.13440860215053765,0.7343124165554071,0.6107491856677525,1.1348464619492658,21.346801346801346,0.40716612377850164,0.20358306188925082
2024-11-02,nation,ca,30161.0,4181.0,24888.0,193.0,174.0,19.0,24622.0,482.0,10438.0,10484.0,136.0,10475.0,31.0,10505.0,1420.0,8511.0,41.0,220.0,0.48172952649512396,0.29594272076372313,13.862272471071915,1.957598895296889,2.1076834642651847,0.7754741240758599,1.2972148035101108,13.517372679676345,0.699132111861138,0.07634201221472195
2024-08-31,province,nl,523.0,69.0,413.0,0.0,0.0,0.0,413.0,0.0,413.0,413.0,9.0,413.0,1.0,413.0,28.0,413.0,2.0,6.0,0.48426150121065376,0.24213075060532688,13.193116634799235,0.0,1.4527845036319613,0.0,2.1791767554479415,6.779661016949152,0.0,0.0
2024-08-31,province,pe,139.0,22.0,,,,,,,,,,,,,,,,,,,15.8,,,,,,,
