time_value,geo_type,geo_value,sarscov2_tests,sarscov2_positive_tests,flu_tests,flua_positive_tests,flub_positive_tests,rsv_tests,rsv_positive_tests,hpiv_tests,adv_tests,adv_positive_tests,hmpv_tests,hmpv_positive_tests,ev_rv_tests,ev_rv_positive_tests,hcov_tests,hcov_positive_tests,hpiv_positive_tests,flu_positive_tests
2023-08-26,territory,yk,39.0,7,17.0,0,0,17.0,0,,,0,,0,,0,,0,0,0
2023-04-08,province,bc,3408.0,537,3114.0,12,23,2953.0,53,699.0,699.0,27,699.0,54,672.0,85,672.0,28,48,35
2023-03-25,province,bc,3939.0,582,3444.0,17,30,3284.0,116,734.0,734.0,31,734.0,50,710.0,104,710.0,34,39,47
2023-03-25,province,on,14209.0,1547,7066.0,17,82,7065.0,80,5162.0,5162.0,89,5167.0,309,5167.0,369,3754.0,167,79,99
2023-03-25,province,qc,16710.0,1696,5617.0,82,134,3523.0,83,641.0,655.0,52,643.0,23,,0,642.0,62,17,216
2023-04-01,nation,ca,46607.0,5057,24352.0,156,424,21203.0,348,8443.0,8460.0,212,8462.0,405,7640.0,638,7010.0,283,268,580
2023-04-01,province,bc,3676.0,583,3126.0,7,19,2945.0,84,642.0,642.0,32,642.0,51,620.0,80,620.0,18,44,26
2023-04-01,province,on,13065.0,1299,6826.0,26,92,6826.0,60,5061.0,5061.0,86,5062.0,262,5062.0,361,3636.0,142,96,118
2023-04-01,province,qc,17132.0,1607,6887.0,101,237,4251.0,80,789.0,806.0,59,794.0,28,,0,789.0,48,30,338
2023-04-08,nation,ca,40799.0,4455,22978.0,87,425,20026.0,268,7692.0,7702.0,197,7722.0,356,6941.0,621,6318.0,285,265,512
2023-04-08,province,on,10310.0,957,6082.0,14,101,6082.0,39,4346.0,4346.0,68,4352.0,221,4352.0,331,2976.0,134,80,115
2023-03-18,province,qc,17765.0,1823,6927.0,62,126,4216.0,93,764.0,776.0,55,770.0,28,,0,764.0,49,33,188
2022-09-10,province,qc,25637.0,3179,2520.0,3,0,1737.0,47,646.0,659.0,20,649.0,22,,0,639.0,1,25,3
2023-04-08,province,qc,15657.0,1628,6354.0,48,198,3817.0,73,731.0,742.0,60,732.0,29,,0,731.0,44,24,247
2023-04-15,nation,ca,41872.0,4761,23421.0,141,452,20156.0,284,8023.0,8039.0,244,8035.0,329,7171.0,657,6632.0,236,307,593
2023-04-15,province,bc,3736.0,684,3156.0,10,14,2910.0,56,678.0,678.0,38,678.0,50,658.0,106,658.0,27,43,24
2023-04-15,province,on,10477.0,993,6142.0,20,106,6142.0,58,4592.0,4592.0,94,4591.0,200,4591.0,330,3209.0,97,99,127
2023-04-15,province,qc,16447.0,1730,6913.0,88,229,4170.0,74,825.0,841.0,60,828.0,24,,0,825.0,43,33,317
2023-04-22,nation,ca,40231.0,4401,22666.0,116,419,19854.0,260,7629.0,7670.0,214,7677.0,302,6819.0,591,6369.0,232,297,535
2023-04-22,province,bc,3660.0,682,3293.0,7,24,3177.0,60,652.0,674.0,25,674.0,37,649.0,87,649.0,20,47,31
2022-10-01,nation,ca,92675.0,13392,14943.0,102,4,13629.0,288,4878.0,4894.0,108,4895.0,70,4150.0,950,4034.0,24,151,106
2023-03-18,province,on,15074.0,1794,6957.0,24,60,6957.0,90,4991.0,4991.0,81,4994.0,235,4994.0,360,3638.0,129,87,83
2023-02-11,province,qc,19683.0,2281,7619.0,76,34,4604.0,177,816.0,830.0,76,817.0,30,,0,816.0,54,26,110
2023-03-04,nation,ca,53644.0,6003,26136.0,165,183,22965.0,857,9020.0,9031.0,248,9019.0,426,8218.0,803,7544.0,257,276,348
2023-02-18,province,bc,4179.0,456,3444.0,14,14,3298.0,258,728.0,728.0,28,728.0,58,707.0,130,707.0,33,35,28
2023-02-18,province,on,15744.0,2017,7239.0,17,13,7239.0,230,5232.0,5233.0,81,5234.0,173,5234.0,435,3812.0,100,75,30
2023-02-18,province,qc,19596.0,2189,6834.0,62,31,4209.0,153,860.0,872.0,60,861.0,28,,0,860.0,51,32,93
2023-02-25,nation,ca,52551.0,6169,25449.0,145,127,22395.0,1017,8628.0,8647.0,247,8642.0,371,7812.0,746,7223.0,221,220,272
2023-02-25,province,bc,4259.0,505,3545.0,22,10,3341.0,226,701.0,701.0,30,701.0,51,671.0,117,671.0,23,39,32
2022-09-17,province,bc,15727.0,1054,2247.0,5,0,2127.0,8,530.0,530.0,14,530.0,9,522.0,127,522.0,0,12,5
2023-02-25,province,on,14836.0,1803,7307.0,17,24,7307.0,167,5230.0,5230.0,100,5232.0,212,5232.0,425,3844.0,107,81,41
2023-02-25,province,qc,19200.0,2150,6409.0,70,60,4066.0,159,795.0,812.0,77,797.0,17,,0,795.0,42,22,130
2023-03-04,province,bc,4055.0,409,3373.0,26,18,3204.0,214,761.0,761.0,28,761.0,53,736.0,118,736.0,19,40,44
2022-09-17,nation,ca,94363.0,12012,13539.0,32,1,12331.0,129,3973.0,3991.0,84,3992.0,55,3337.0,725,3264.0,9,120,34
2023-03-04,province,on,15219.0,1733,7347.0,27,35,7347.0,154,5409.0,5409.0,100,5408.0,249,5408.0,470,3962.0,108,74,62
2023-03-04,province,qc,19339.0,2092,6757.0,75,96,4224.0,131,788.0,799.0,69,791.0,20,,0,788.0,63,35,171
2023-03-11,nation,ca,51399.0,5875,25805.0,160,201,22558.0,636,8553.0,8573.0,239,8563.0,432,7758.0,731,7115.0,263,237,361
2023-03-11,province,bc,4122.0,465,3413.0,28,22,3274.0,170,754.0,754.0,35,754.0,71,714.0,106,714.0,29,46,50
2023-03-11,province,on,14995.0,1700,7129.0,20,50,7130.0,100,5019.0,5019.0,81,5023.0,252,5023.0,391,3615.0,112,73,70
2023-03-11,province,qc,18106.0,1905,6864.0,81,93,4150.0,111,766.0,786.0,73,768.0,24,,0,766.0,62,24,174
2023-03-18,nation,ca,50826.0,5891,25613.0,133,297,22373.0,492,8476.0,8487.0,203,8505.0,431,7677.0,673,7116.0,263,295,430
2023-03-18,province,bc,3828.0,498,3416.0,18,32,3282.0,121,768.0,768.0,28,768.0,69,740.0,113,740.0,24,52,50
2023-04-22,province,on,9788.0,908,5961.0,17,84,5961.0,34,4321.0,4322.0,96,4325.0,194,4325.0,295,3046.0,116,100,101
2023-04-22,province,qc,16103.0,1560,6585.0,53,197,4094.0,69,821.0,839.0,57,825.0,15,,0,821.0,28,32,250
2023-04-29,nation,ca,38134.0,3844,21493.0,103,393,18841.0,215,7257.0,7265.0,191,7276.0,257,6436.0,636,6056.0,264,295,496
2022-09-10,nation,ca,88007.0,11503,12637.0,18,5,11442.0,128,3454.0,3478.0,76,3489.0,63,2817.0,457,2877.0,11,111,23
2023-06-03,province,bc,2286.0,230,1907.0,23,4,1907.0,5,598.0,556.0,25,556.0,9,536.0,78,594.0,9,48,27
2023-06-03,province,on,6854.0,589,4283.0,17,51,4283.0,7,3325.0,3325.0,79,3327.0,40,3327.0,284,2258.0,52,147,68
2023-06-03,province,qc,9842.0,849,4581.0,17,76,2876.0,31,739.0,771.0,39,741.0,11,,0,739.0,9,28,93
2023-06-10,nation,ca,24430.0,1818,14412.0,89,99,13314.0,55,5590.0,5616.0,174,4911.0,69,4862.0,598,4595.0,69,247,189
2023-06-10,province,bc,2171.0,193,1774.0,22,10,1773.0,7,553.0,553.0,25,553.0,8,532.0,97,532.0,10,34,32
2023-06-10,province,on,5647.0,358,3719.0,25,37,3719.0,10,2983.0,2983.0,76,2982.0,41,2982.0,278,1994.0,29,121,62
2023-06-10,province,qc,9116.0,676,3699.0,18,39,2733.0,15,712.0,738.0,36,710.0,9,,0,712.0,2,31,57
2023-06-17,nation,ca,22707.0,1519,13758.0,78,65,12735.0,41,5284.0,5307.0,225,5267.0,51,4542.0,555,4297.0,69,225,143
2023-06-17,province,bc,2102.0,200,1759.0,20,2,1758.0,3,546.0,546.0,41,546.0,6,524.0,109,524.0,13,37,22
2023-04-29,province,bc,3690.0,665,3292.0,17,10,3126.0,41,691.0,691.0,34,691.0,40,671.0,98,671.0,35,47,27
2023-06-17,province,on,5230.0,371,3614.0,17,18,3613.0,5,2764.0,2764.0,107,2765.0,21,2766.0,229,1775.0,29,93,35
2023-06-17,province,qc,8566.0,488,3470.0,21,27,2537.0,19,708.0,731.0,34,710.0,7,,0,708.0,9,37,48
2023-06-24,nation,ca,20788.0,1285,13253.0,80,46,12283.0,42,5107.0,5131.0,196,5134.0,42,4379.0,610,4228.0,69,223,126
2023-06-24,province,bc,2061.0,165,1735.0,37,2,1734.0,8,538.0,538.0,35,538.0,2,525.0,114,525.0,9,41,39
2023-06-24,province,on,4997.0,318,3415.0,11,19,3415.0,4,2673.0,2673.0,82,2675.0,26,2675.0,265,1781.0,31,100,30
2023-06-24,province,qc,7213.0,390,3340.0,21,19,2451.0,17,723.0,747.0,50,723.0,9,,0,723.0,6,35,40
2023-07-01,nation,ca,20066.0,1162,13121.0,68,25,12269.0,45,5097.0,5122.0,207,5119.0,52,4350.0,564,4166.0,47,215,93
2023-07-01,province,bc,2070.0,180,1817.0,29,1,1817.0,3,512.0,512.0,46,512.0,9,490.0,87,490.0,7,34,30
2023-06-03,nation,ca,26683.0,2255,16098.0,85,164,14242.0,78,5933.0,5923.0,187,5915.0,73,5152.0,558,4882.0,113,304,250
2023-05-27,province,qc,10150.0,882,4895.0,32,78,2991.0,20,712.0,749.0,50,713.0,14,,0,712.0,6,24,110
2023-05-27,province,on,6566.0,601,4117.0,11,53,4116.0,11,3131.0,3131.0,76,3136.0,44,3137.0,277,2036.0,36,106,64
2023-05-27,province,bc,2481.0,275,2039.0,14,8,2035.0,5,617.0,617.0,32,617.0,21,596.0,96,596.0,12,40,22
2023-04-29,province,on,9083.0,713,5560.0,6,93,5560.0,27,4032.0,4032.0,68,4036.0,152,4036.0,304,2836.0,120,117,99
2022-09-10,province,on,25742.0,3099,4411.0,7,1,4411.0,44,1081.0,1089.0,12,1089.0,10,1089.0,122,495.0,1,32,8
2023-04-29,province,qc,15387.0,1423,6155.0,43,172,3925.0,75,802.0,811.0,57,804.0,19,,0,802.0,22,33,215
2023-05-06,nation,ca,35581.0,3505,20580.0,103,372,18059.0,155,7234.0,7253.0,259,7265.0,229,6416.0,704,5940.0,203,350,475
2023-05-06,province,bc,3123.0,488,2701.0,10,11,2609.0,17,634.0,634.0,35,634.0,27,615.0,106,615.0,23,56,21
2023-05-06,province,on,8229.0,698,5250.0,13,95,5250.0,26,4052.0,4052.0,105,4053.0,160,4053.0,346,2752.0,115,137,108
2023-05-06,province,qc,14520.0,1233,6066.0,27,167,3858.0,50,806.0,824.0,54,810.0,17,,0,806.0,12,31,194
2023-05-13,nation,ca,31622.0,3036,18936.0,125,276,16607.0,120,6623.0,6651.0,197,6646.0,167,5821.0,642,5486.0,190,271,401
2023-05-13,province,bc,2794.0,389,2436.0,7,6,2434.0,12,599.0,599.0,32,599.0,26,578.0,102,578.0,19,35,13
2023-05-13,province,on,7456.0,644,4563.0,16,67,4563.0,22,3592.0,3592.0,96,3595.0,100,3596.0,319,2456.0,102,119,83
2023-05-13,province,qc,12892.0,1073,5732.0,38,119,3609.0,39,802.0,831.0,41,804.0,30,,0,802.0,14,35,157
2023-05-20,nation,ca,29753.0,2776,17524.0,135,226,15326.0,93,6356.0,6379.0,203,6367.0,114,5629.0,609,5136.0,139,262,361
2023-05-20,province,bc,2498.0,338,2010.0,6,2,2010.0,8,636.0,636.0,39,636.0,21,621.0,103,621.0,14,52,8
2023-05-20,province,on,6935.0,590,4619.0,23,67,4619.0,25,3546.0,3546.0,92,3545.0,71,3545.0,293,2333.0,63,113,90
2023-05-20,province,qc,11868.0,1008,5277.0,50,95,3253.0,30,723.0,746.0,38,727.0,16,,0,723.0,14,35,145
2022-09-10,province,bc,13642.0,1015,2055.0,4,2,1915.0,14,422.0,422.0,9,422.0,8,417.0,75,417.0,0,14,6
2023-05-27,nation,ca,27278.0,2518,16495.0,84,186,14441.0,58,5885.0,5923.0,193,5907.0,85,5169.0,552,4786.0,103,255,271
2023-02-18,nation,ca,55033.0,6488,26289.0,145,76,23026.0,1181,8811.0,8824.0,204,8821.0,389,7927.0,782,7381.0,232,232,221
2023-02-11,province,on,16025.0,1984,7451.0,33,23,7451.0,239,5274.0,5274.0,60,5291.0,133,5291.0,434,3877.0,70,95,56
2023-07-01,province,qc,7184.0,419,3338.0,10,14,2575.0,18,731.0,757.0,25,730.0,9,,0,731.0,2,33,24
2022-11-19,province,bc,6640.0,650,4741.0,1115,2,4041.0,242,937.0,937.0,23,937.0,17,904.0,131,904.0,20,80,1117
2022-11-05,province,on,23508.0,3895,7006.0,790,3,7006.0,497,5243.0,5243.0,61,5245.0,30,5245.0,337,3800.0,75,155,793
2022-11-05,province,qc,32692.0,3694,4458.0,154,1,3126.0,630,974.0,987.0,52,977.0,74,,0,943.0,24,29,155
2022-09-24,province,on,28977.0,3579,5515.0,21,0,5515.0,54,1717.0,1717.0,18,1714.0,9,1689.0,375,853.0,2,44,21
2022-11-12,nation,ca,89643.0,11143,27004.0,4375,11,23546.0,1775,10628.0,10610.0,211,10656.0,220,9526.0,740,9087.0,273,414,4385
2022-11-12,province,bc,6651.0,649,3507.0,562,1,3390.0,144,783.0,783.0,13,783.0,16,759.0,151,759.0,9,66,563
2022-11-12,province,on,22024.0,3046,8254.0,1096,3,8242.0,578,5832.0,5800.0,60,5838.0,33,5837.0,291,4325.0,121,189,1099
2022-11-12,province,qc,31704.0,3354,5731.0,428,4,3986.0,673,1103.0,1117.0,74,1123.0,88,,0,1087.0,27,31,432
2022-11-19,nation,ca,90476.0,10830,33291.0,6708,17,27482.0,2064,11671.0,11695.0,219,11676.0,221,10427.0,723,10076.0,357,463,6725
2022-11-19,province,on,21425.0,2706,8727.0,1250,6,8721.0,646,5943.0,5946.0,71,5955.0,16,5952.0,295,4433.0,131,196,1256
2022-11-05,nation,ca,89782.0,12489,21669.0,2364,7,18915.0,1443,9258.0,9271.0,187,9271.0,166,8272.0,846,7767.0,197,383,2371
2022-11-19,province,qc,30751.0,3423,6914.0,944,3,4620.0,652,1243.0,1265.0,59,1247.0,82,,0,1193.0,42,38,947
2022-11-26,nation,ca,93875.0,11040,40370.0,9713,16,34682.0,2306,12299.0,12290.0,232,12281.0,219,10986.0,536,10690.0,346,446,9729
2022-11-26,province,bc,7236.0,760,6279.0,1679,6,6143.0,352,1722.0,1710.0,31,1710.0,37,1678.0,146,1678.0,24,94,1685
2022-11-26,province,on,20744.0,2442,9193.0,1509,3,9192.0,625,5937.0,5937.0,56,5951.0,33,5927.0,199,4433.0,155,188,1511
2022-11-26,province,qc,33538.0,3833,9252.0,2113,6,6170.0,616,1319.0,1333.0,78,1325.0,81,,0,1290.0,49,48,2119
2022-12-03,nation,ca,94410.0,11442,44029.0,10492,13,37476.0,2597,12364.0,12381.0,232,12376.0,230,10959.0,519,10723.0,422,376,10505
2022-09-24,province,bc,15532.0,1086,2226.0,27,1,2150.0,7,547.0,547.0,8,547.0,7,538.0,171,538.0,0,19,28
2022-12-03,province,bc,6818.0,667,5334.0,1284,0,5091.0,415,956.0,956.0,18,956.0,22,931.0,95,931.0,37,50,1284
2022-11-05,province,bc,6497.0,556,3111.0,251,2,2993.0,99,822.0,822.0,15,822.0,15,796.0,194,796.0,1,82,253
2022-10-29,province,qc,33446.0,3930,3821.0,54,3,2751.0,482,944.0,955.0,55,960.0,61,,0,922.0,6,42,57
2023-02-11,province,bc,4144.0,444,3538.0,14,12,3363.0,343,770.0,770.0,19,770.0,59,740.0,148,740.0,25,43,26
2022-10-15,province,bc,6458.0,862,2540.0,47,0,2284.0,35,599.0,599.0,16,599.0,14,579.0,166,579.0,2,22,47
2022-10-01,province,bc,11511.0,1111,2411.0,32,0,2312.0,15,538.0,538.0,14,538.0,9,521.0,165,521.0,3,15,32
2022-10-01,province,on,27909.0,3787,5624.0,37,1,5623.0,76,1999.0,2001.0,27,2001.0,9,2001.0,399,1170.0,4,72,38
2022-10-01,province,qc,29662.0,3921,2873.0,6,3,2029.0,156,728.0,742.0,31,729.0,33,,0,716.0,6,35,9
2022-10-08,nation,ca,95462.0,14377,14585.0,144,4,13346.0,326,5057.0,5068.0,91,5096.0,73,4488.0,867,4079.0,38,187,149
2022-10-08,province,bc,6525.0,849,2430.0,45,0,2319.0,22,567.0,567.0,3,567.0,11,546.0,162,546.0,8,27,45
2022-10-08,province,on,30640.0,4431,5676.0,58,3,5675.0,109,2228.0,2234.0,26,2236.0,10,2235.0,354,1253.0,7,65,61
2022-10-08,province,qc,31745.0,4267,2339.0,5,0,1727.0,154,578.0,583.0,33,581.0,31,,0,568.0,2,37,5
2022-10-15,nation,ca,93092.0,15435,16307.0,235,2,14337.0,505,5998.0,6013.0,122,6027.0,100,5161.0,862,4922.0,49,211,236
2022-10-15,province,on,28633.0,4873,5761.0,109,0,5761.0,142,2960.0,2962.0,28,2962.0,12,2963.0,341,1889.0,10,90,109
2022-10-29,province,on,25142.0,4940,6013.0,489,1,6010.0,366,4632.0,4633.0,47,4632.0,45,4632.0,342,3451.0,50,163,490
2022-10-15,province,qc,32473.0,4342,3275.0,16,0,2330.0,259,851.0,864.0,40,857.0,52,,0,842.0,9,40,16
2022-10-22,nation,ca,95270.0,14662,17826.0,426,9,15783.0,720,7244.0,7255.0,121,7277.0,116,6332.0,820,6026.0,70,305,435
2022-09-24,province,qc,26931.0,3598,2714.0,6,1,1908.0,106,717.0,731.0,25,723.0,36,,0,705.0,4,19,7
2022-10-22,province,bc,6521.0,726,2774.0,68,2,2551.0,44,707.0,707.0,19,707.0,8,678.0,179,678.0,4,52,70
2022-10-22,province,on,26742.0,4624,6230.0,193,5,6230.0,224,3859.0,3859.0,34,3865.0,20,3863.0,300,2671.0,21,137,198
2022-10-22,province,qc,32792.0,3968,3608.0,31,1,2644.0,346,904.0,915.0,37,911.0,61,,0,884.0,9,37,32
2022-10-29,nation,ca,94756.0,14952,18556.0,1028,6,16274.0,1072,8429.0,8441.0,151,8450.0,150,7496.0,828,7155.0,133,372,1034
2022-10-29,province,bc,5991.0,648,3026.0,101,2,2680.0,83,839.0,839.0,9,839.0,8,814.0,168,814.0,3,86,103
2022-12-03,province,on,20852.0,2373,9930.0,1594,2,9926.0,680,6344.0,6344.0,66,6360.0,41,6360.0,204,4788.0,203,171,1596
2022-12-03,province,qc,35547.0,4603,12431.0,3345,7,8002.0,633,1439.0,1455.0,74,1440.0,60,,0,1381.0,73,27,3353
2022-12-10,nation,ca,93753.0,11841,45446.0,9521,27,38234.0,2814,12670.0,12679.0,213,12530.0,242,11309.0,463,10887.0,488,384,9548
2023-01-28,nation,ca,59464.0,6749,28799.0,262,43,24389.0,1944,9363.0,9374.0,220,9404.0,255,8568.0,704,7905.0,208,260,305
2022-09-17,province,qc,26091.0,3175,2618.0,5,1,1851.0,65,661.0,679.0,21,665.0,22,,0,654.0,2,22,6
2023-01-14,province,bc,5694.0,736,4646.0,101,1,4375.0,558,864.0,864.0,25,864.0,24,832.0,65,832.0,59,62,102
2023-01-14,province,on,19450.0,2995,9531.0,123,8,9531.0,676,6446.0,6446.0,72,6464.0,116,6464.0,262,4805.0,175,182,131
2023-01-14,province,qc,22640.0,2728,8879.0,308,7,5279.0,255,828.0,838.0,52,831.0,23,,0,829.0,29,18,315
2023-01-21,nation,ca,65814.0,8069,31232.0,434,44,26624.0,2255,9972.0,9991.0,197,10031.0,257,9133.0,610,8614.0,298,291,478
2023-01-21,province,bc,4637.0,532,3936.0,42,2,3742.0,440,836.0,836.0,31,836.0,29,807.0,112,807.0,55,34,44
2023-01-21,province,on,18101.0,2594,8462.0,67,4,8462.0,434,5818.0,5818.0,76,5849.0,90,5849.0,342,4464.0,130,128,71
2023-01-21,province,qc,21828.0,2336,8035.0,201,20,4553.0,296,849.0,865.0,46,854.0,27,,0,849.0,40,26,221
2023-01-28,province,bc,4313.0,391,3571.0,39,3,3420.0,453,780.0,780.0,23,780.0,34,754.0,127,754.0,39,38,42
2022-12-10,province,bc,7198.0,882,5819.0,1107,4,5492.0,482,1090.0,1090.0,22,1090.0,21,1064.0,95,1064.0,56,67,1111
2023-01-28,province,on,17201.0,2283,8022.0,46,12,8022.0,371,5596.0,5596.0,78,5631.0,95,5631.0,376,4157.0,78,141,58
2023-01-28,province,qc,19478.0,1847,7597.0,98,13,4237.0,246,813.0,823.0,70,813.0,27,,0,813.0,42,21,111
2023-02-04,nation,ca,56552.0,6537,28377.0,213,79,24100.0,1730,9383.0,9398.0,229,9432.0,279,8581.0,767,7997.0,256,253,292
2022-09-17,province,on,28069.0,3570,4801.0,15,1,4801.0,29,1368.0,1369.0,20,1368.0,7,1368.0,275,658.0,3,46,16
2023-02-04,province,bc,4144.0,370,3527.0,13,3,3378.0,376,792.0,792.0,29,792.0,33,764.0,131,764.0,45,40,16
2023-02-04,province,on,16669.0,2095,7653.0,42,19,7653.0,289,5337.0,5337.0,61,5367.0,113,5367.0,408,3962.0,96,103,61
2023-02-04,province,qc,18579.0,1956,7614.0,81,43,4304.0,246,788.0,804.0,74,792.0,17,,0,788.0,47,24,123
2023-02-11,nation,ca,56255.0,6689,27982.0,190,95,24263.0,1405,9047.0,9060.0,194,9062.0,338,8243.0,822,7619.0,201,242,285
2023-01-14,nation,ca,71607.0,9602,35461.0,794,18,30533.0,2785,11015.0,11023.0,206,11046.0,288,10199.0,480,9360.0,375,357,812
2023-01-07,province,qc,24748.0,3383,10659.0,735,15,6335.0,409,1017.0,1027.0,67,1018.0,33,,0,1017.0,52,33,750
2023-01-07,province,on,20785.0,3733,10122.0,307,8,10120.0,809,6863.0,6865.0,77,6871.0,115,6872.0,284,5025.0,148,201,315
2023-01-07,province,bc,5974.0,846,5152.0,234,6,4147.0,590,964.0,964.0,18,964.0,38,937.0,47,937.0,79,80,240
2022-12-10,province,on,21193.0,2607,10560.0,1383,6,10558.0,805,6470.0,6470.0,69,6474.0,55,6474.0,188,4875.0,205,157,1390
2022-12-10,province,qc,34889.0,4665,12616.0,3169,16,8206.0,523,1438.0,1450.0,68,1439.0,52,,0,1415.0,71,30,3186
2022-12-17,nation,ca,89983.0,11788,44356.0,7629,31,37745.0,3288,12356.0,12368.0,283,12385.0,238,11052.0,506,10765.0,552,368,7660
2022-12-17,province,bc,6965.0,747,5731.0,927,6,5416.0,622,1069.0,1069.0,33,1069.0,18,1038.0,90,1038.0,79,59,933
2022-12-17,province,on,20346.0,2824,10525.0,1111,2,10522.0,876,6718.0,6718.0,88,6726.0,58,6726.0,215,5133.0,234,164,1114
2022-12-17,province,qc,34271.0,4880,13081.0,2822,20,8545.0,458,1350.0,1364.0,84,1350.0,47,,0,1350.0,76,26,2841
2022-12-24,nation,ca,78912.0,11166,40210.0,5026,20,34329.0,3179,11701.0,11718.0,206,11712.0,261,10580.0,475,10056.0,531,362,5046
2022-09-24,nation,ca,96287.0,13105,14521.0,70,3,13335.0,187,4589.0,4604.0,73,4603.0,74,3847.0,904,3716.0,12,110,73
2022-12-24,province,bc,5579.0,701,5122.0,623,5,4800.0,670,986.0,986.0,26,986.0,16,956.0,72,953.0,105,53,628
2022-12-24,province,on,18610.0,2937,9666.0,635,3,9664.0,787,6638.0,6638.0,74,6652.0,70,6652.0,251,5024.0,194,176,638
2022-09-03,nation,ca,95312.0,12772,12769.0,23,3,11585.0,132,3433.0,3472.0,79,3492.0,63,2845.0,440,2818.0,15,96,26
2022-12-24,province,qc,30937.0,4511,11742.0,2028,11,7661.0,408,1147.0,1161.0,64,1152.0,47,,0,1147.0,76,23,2038
2022-12-31,nation,ca,69932.0,10916,38348.0,3056,27,32948.0,3522,11030.0,11030.0,199,11053.0,304,10049.0,452,9437.0,446,366,3083
2022-12-31,province,bc,5877.0,849,5477.0,396,2,5119.0,771,1005.0,1005.0,20,1005.0,27,972.0,51,972.0,107,52,398
2022-12-31,province,on,18079.0,3099,9370.0,403,8,9370.0,767,6308.0,6308.0,68,6330.0,95,6330.0,250,4746.0,146,184,411
2022-12-31,province,qc,25554.0,3907,10677.0,1286,15,6616.0,429,1016.0,1020.0,67,1020.0,34,,0,1016.0,68,22,1300
2023-01-07,nation,ca,75195.0,11347,39868.0,1830,28,33446.0,3478,11997.0,12009.0,226,12016.0,353,10998.0,461,10141.0,446,435,1858
2023-07-01,province,on,4671.0,254,3403.0,8,7,3403.0,13,2716.0,2716.0,85,2718.0,30,2719.0,245,1784.0,19,110,15
2023-03-25,nation,ca,48733.0,5502,24111.0,145,311,21508.0,424,8626.0,8640.0,221,8649.0,471,7973.0,742,7212.0,327,257,456
2023-07-15,province,on,4625.0,336,3411.0,31,16,3410.0,13,2716.0,2716.0,94,2719.0,16,2719.0,285,1799.0,8,103,47
2023-07-29,province,qc,6178.0,469,2645.0,4,1,2083.0,29,753.0,784.0,24,752.0,9,,0,753.0,4,24,5
2023-08-26,province,bc,2163.0,378,1706.0,23,0,1706.0,1,469.0,469.0,13,469.0,0,437.0,69,437.0,5,12,23
2022-09-03,province,on,28978.0,3683,4663.0,5,0,4663.0,25,1151.0,1179.0,9,1179.0,11,1179.0,120,523.0,3,37,5
2023-08-26,province,ab,2805.0,256,1897.0,4,1,1797.0,5,552.0,552.0,9,49.0,0,546.0,67,552.0,7,4,5
2023-07-29,province,on,4663.0,382,3356.0,9,2,3355.0,9,2624.0,2624.0,60,2627.0,8,2627.0,291,1773.0,10,95,11
2023-08-26,nation,ca,23381.0,3133,13226.0,66,6,12310.0,63,5480.0,5499.0,91,5006.0,15,4547.0,570,4447.0,26,118,72
2022-09-03,province,qc,26519.0,3251,2404.0,4,1,1737.0,61,619.0,632.0,16,619.0,18,,0,610.0,4,17,5
2023-07-15,province,qc,6640.0,357,3019.0,5,3,2348.0,19,704.0,726.0,32,702.0,6,,0,704.0,1,34,8
2023-07-22,province,on,4887.0,365,3435.0,19,6,3430.0,13,2672.0,2672.0,60,2675.0,20,2675.0,256,1815.0,8,115,25
2023-07-15,province,bc,1845.0,152,1669.0,23,3,1668.0,4,501.0,501.0,36,501.0,3,479.0,82,479.0,10,44,26
2023-08-12,province,qc,7151.0,818,2923.0,10,2,2214.0,25,768.0,784.0,14,770.0,6,,0,768.0,1,26,12
2023-07-08,province,on,4457.0,244,3163.0,12,6,3163.0,9,2435.0,2435.0,93,2435.0,23,2435.0,217,1628.0,6,104,18
2022-09-03,province,bc,14523.0,1056,2006.0,4,0,1795.0,9,402.0,402.0,10,402.0,8,394.0,61,394.0,4,15,4
2023-08-19,province,qc,7858.0,1089,3225.0,13,2,2374.0,17,807.0,822.0,16,807.0,5,,0,807.0,2,18,15
2023-08-05,province,qc,6352.0,606,2700.0,7,2,2144.0,19,696.0,720.0,32,695.0,2,,0,696.0,2,24,9
2023-08-05,nation,ca,18166.0,1528,11369.0,43,9,10735.0,52,4903.0,4927.0,135,4922.0,9,4177.0,530,3999.0,24,154,52
2023-08-19,province,on,5757.0,637,3941.0,15,6,3941.0,19,3029.0,3029.0,40,3036.0,12,3036.0,330,2048.0,14,87,21
2023-07-22,province,bc,1750.0,143,1446.0,15,1,1446.0,2,475.0,475.0,30,475.0,5,462.0,76,462.0,3,26,16
2023-08-19,nation,ca,21837.0,2529,13162.0,74,11,12182.0,52,5644.0,5659.0,120,5660.0,19,4809.0,615,4655.0,36,164,84
2023-07-15,nation,ca,18813.0,1155,12316.0,71,27,11556.0,44,5134.0,5156.0,220,5151.0,27,4402.0,605,4212.0,25,210,99
2023-08-05,province,bc,1700.0,155,1383.0,20,1,1383.0,0,474.0,474.0,28,474.0,2,455.0,63,420.0,6,24,21
2023-07-08,province,qc,6792.0,379,3218.0,6,7,2533.0,13,714.0,747.0,32,713.0,8,,0,714.0,5,33,13
2023-08-05,province,on,4533.0,347,3299.0,6,2,3297.0,10,2573.0,2573.0,38,2570.0,4,2570.0,287,1698.0,13,86,8
2023-07-22,nation,ca,18383.0,1276,11589.0,52,10,10904.0,52,5045.0,5069.0,171,5066.0,38,4333.0,575,4195.0,22,204,63
2023-08-26,province,mb,987.0,138,858.0,1,0,858.0,3,66.0,66.0,4,92.0,0,66.0,22,92.0,0,3,1
2023-08-26,province,nb,516.0,53,324.0,0,0,312.0,0,42.0,42.0,2,42.0,0,42.0,6,42.0,1,1,0
2023-08-26,province,on,5896.0,738,3949.0,26,1,3949.0,19,2981.0,2982.0,30,2985.0,4,2984.0,332,1954.0,3,63,27
2023-07-29,nation,ca,18540.0,1428,11590.0,52,5,10924.0,52,5045.0,5076.0,175,5073.0,21,4278.0,557,4208.0,23,173,57
2023-08-12,province,bc,1756.0,144,1452.0,33,0,1452.0,5,462.0,462.0,18,462.0,1,451.0,55,451.0,4,23,33
2023-08-26,territory,nu,62.0,3,43.0,0,0,43.0,1,,,0,,0,,0,,0,0,0
2023-08-26,territory,nt,,0,,0,0,,0,,,0,,0,0.0,0,,0,0,0
2023-07-08,nation,ca,19074.0,1097,12397.0,50,24,11619.0,38,4812.0,4843.0,224,4839.0,37,4077.0,568,4014.0,31,236,73
2023-08-26,province,sk,1024.0,76,474.0,0,1,462.0,1,218.0,218.0,5,218.0,0,218.0,28,218.0,5,2,1
2023-07-22,province,qc,6202.0,428,2694.0,8,2,2100.0,27,705.0,730.0,36,704.0,9,,0,705.0,3,31,10
2023-08-26,province,qc,8580.0,1283,3377.0,12,3,2585.0,30,898.0,916.0,23,897.0,11,,0,898.0,2,26,15
2023-08-12,nation,ca,19314.0,1814,11798.0,76,7,10965.0,60,5116.0,5131.0,118,5138.0,21,4346.0,606,4140.0,16,168,83
2023-07-29,province,bc,1823.0,150,1513.0,26,1,1513.0,3,482.0,482.0,29,482.0,3,465.0,61,465.0,4,23,27
2023-08-26,province,pe,116.0,13,11.0,0,0,11.0,0,5.0,5.0,0,5.0,0,5.0,1,5.0,0,0,0
2023-08-19,province,bc,1933.0,235,1624.0,22,1,1624.0,1,483.0,483.0,25,483.0,2,456.0,52,456.0,3,35,23
2023-08-12,province,on,4756.0,368,3540.0,12,4,3540.0,20,2711.0,2711.0,53,2714.0,11,2714.0,318,1728.0,7,91,16
2023-08-26,province,nl,377.0,47,217.0,0,0,217.0,1,217.0,217.0,5,217.0,0,217.0,39,217.0,2,3,0
2023-08-26,province,ns,816.0,141,353.0,0,0,353.0,2,32.0,32.0,0,32.0,0,32.0,6,32.0,1,4,0
2023-07-08,province,bc,1939.0,193,1767.0,17,0,1767.0,3,506.0,506.0,47,506.0,5,485.0,107,485.0,8,54,17
2023-08-19,territory,nu,33.0,1,31.0,0,0,31.0,3,,,0,,0,,0,,0,0,0
2023-08-19,territory,nt,,0,,0,0,,0,,,0,,0,0.0,0,,0,0,0
2023-08-19,province,sk,931.0,54,397.0,3,1,391.0,1,245.0,245.0,13,245.0,0,245.0,39,245.0,10,6,4
2023-08-19,province,pe,109.0,10,7.0,0,0,7.0,0,5.0,5.0,0,5.0,0,5.0,0,5.0,0,0,0
2023-08-19,territory,yk,47.0,5,19.0,0,0,19.0,0,,,0,,0,,0,,0,0,0
2023-08-19,province,ns,767.0,114,364.0,11,0,364.0,2,21.0,21.0,1,21.0,0,21.0,6,21.0,0,1,11
2023-08-19,province,nl,306.0,42,213.0,0,0,213.0,4,213.0,213.0,5,213.0,0,213.0,60,213.0,2,6,0
2023-08-19,province,nb,534.0,36,317.0,1,0,305.0,0,47.0,47.0,1,47.0,0,47.0,8,47.0,0,1,1
2023-08-19,province,mb,886.0,94,772.0,1,0,772.0,4,56.0,56.0,4,75.0,0,56.0,20,75.0,0,2,1
2023-08-19,province,ab,2674.0,212,1955.0,2,1,1864.0,1,618.0,618.0,15,618.0,0,612.0,82,618.0,4,8,3
2023-08-12,province,sk,855.0,45,284.0,1,0,280.0,0,146.0,146.0,10,146.0,2,146.0,30,146.0,1,1,1
2023-08-12,province,ab,2168.0,195,1801.0,11,1,1698.0,1,526.0,525.0,9,526.0,0,517.0,81,526.0,1,10,12
2023-08-12,province,pe,74.0,9,3.0,0,0,3.0,0,1.0,1.0,0,1.0,0,1.0,0,1.0,0,0,0
2023-08-12,province,nb,539.0,37,330.0,0,0,327.0,0,61.0,61.0,1,61.0,1,61.0,7,61.0,0,2,0
2023-08-12,province,nl,317.0,35,226.0,0,0,226.0,4,226.0,226.0,6,226.0,0,226.0,44,226.0,2,5,0
2023-08-12,province,ns,641.0,79,311.0,0,0,311.0,1,36.0,36.0,2,36.0,0,36.0,11,36.0,0,0,0
2023-08-12,territory,nt,17.0,2,17.0,0,0,17.0,0,,,0,,0,17.0,6,,0,0,0
2023-08-12,territory,nu,35.0,0,28.0,0,0,28.0,1,,,0,,0,,0,,0,0,0
2023-08-12,territory,yk,39.0,7,15.0,0,0,15.0,0,,,0,,0,,0,,0,0,0
2023-08-12,province,mb,765.0,70,652.0,0,0,652.0,3,51.0,51.0,3,69.0,0,51.0,21,69.0,0,2,0
2023-08-05,territory,yk,21.0,1,10.0,1,0,10.0,0,,,0,,0,,0,,0,0,1
2023-08-05,province,pe,60.0,4,5.0,0,0,5.0,0,4.0,4.0,0,4.0,0,4.0,2,4.0,0,1,0
2023-08-05,territory,nu,41.0,0,38.0,0,0,38.0,2,,,0,,0,,0,,0,0,0
2023-08-05,territory,nt,9.0,0,9.0,0,0,9.0,0,,,0,,0,9.0,6,,0,0,0
2023-08-05,province,sk,855.0,46,376.0,1,1,373.0,0,186.0,186.0,15,186.0,1,186.0,32,186.0,0,7,2
2023-08-05,province,ns,833.0,74,372.0,0,0,372.0,1,31.0,31.0,2,31.0,0,31.0,7,31.0,0,0,0
2023-08-05,province,ab,2128.0,160,1709.0,6,2,1659.0,9,532.0,532.0,10,530.0,0,521.0,70,532.0,1,6,8
2023-08-05,province,nl,276.0,23,187.0,0,1,187.0,3,187.0,187.0,4,187.0,0,187.0,27,187.0,1,2,1
2023-08-05,province,nb,515.0,42,292.0,0,0,286.0,2,42.0,42.0,1,42.0,0,42.0,3,42.0,0,2,0
2023-08-05,province,mb,844.0,70,736.0,1,0,736.0,2,48.0,48.0,4,73.0,0,48.0,17,73.0,0,0,1
2023-07-29,province,pe,57.0,6,11.0,0,0,11.0,0,0.0,5.0,0,5.0,0,5.0,0,5.0,0,0,0
2023-07-29,province,mb,846.0,51,735.0,5,0,735.0,3,61.0,61.0,8,92.0,0,61.0,26,92.0,0,3,5
2023-07-29,province,nb,546.0,55,296.0,1,0,288.0,0,52.0,52.0,10,52.0,1,52.0,3,52.0,0,1,1
2023-07-29,province,nl,299.0,25,203.0,0,0,203.0,5,203.0,203.0,5,203.0,0,203.0,27,203.0,1,8,0
2023-07-29,province,ns,773.0,45,454.0,0,0,454.0,1,48.0,48.0,2,48.0,0,48.0,10,48.0,2,2,0
2023-07-29,territory,yk,41.0,2,22.0,0,0,22.0,0,,,0,,0,,0,,0,0,0
2023-07-29,territory,nu,45.0,0,37.0,0,0,37.0,1,,,0,,0,,0,,0,0,0
2023-07-29,territory,nt,10.0,0,10.0,0,0,10.0,0,,,0,,0,10.0,6,,0,0,0
2023-07-29,province,sk,1039.0,75,459.0,2,0,455.0,0,234.0,234.0,14,234.0,0,234.0,39,234.0,0,7,2
2023-07-29,province,ab,2218.0,165,1790.0,3,1,1705.0,0,553.0,553.0,22,548.0,0,543.0,85,553.0,2,9,4
2023-07-22,province,ab,2177.0,112,1727.0,3,0,1664.0,3,553.0,553.0,20,552.0,1,545.0,90,553.0,2,8,3
2023-07-22,province,mb,753.0,34,656.0,2,1,656.0,2,53.0,53.0,0,73.0,2,53.0,26,73.0,0,1,3
2023-07-22,province,nb,462.0,42,277.0,2,0,275.0,0,42.0,42.0,2,42.0,0,42.0,8,42.0,0,1,2
2023-07-22,province,sk,943.0,50,396.0,0,0,446.0,0,206.0,206.0,10,207.0,1,207.0,46,206.0,0,10,0
2023-07-22,territory,nt,17.0,0,15.0,0,0,15.0,0,,,0,,0,15.0,5,,0,0,0
2023-07-22,territory,nu,,0,,0,0,,0,,,0,,0,,0,,0,0,0
2023-07-22,territory,yk,26.0,1,13.0,1,0,13.0,0,,,0,,0,,0,,0,0,1
2023-07-22,province,pe,51.0,2,7.0,0,0,7.0,0,5.0,5.0,0,5.0,0,5.0,3,5.0,0,0,0
2023-07-22,province,ns,,0,256.0,0,0,256.0,3,20.0,20.0,0,20.0,0,20.0,6,20.0,1,6,0
2023-07-22,province,nl,292.0,31,192.0,1,0,192.0,2,192.0,192.0,10,192.0,0,192.0,26,192.0,3,5,1
2023-07-15,territory,yk,24.0,0,12.0,1,0,12.0,1,,,0,,0,,0,,0,0,1
2023-07-15,province,ab,2102.0,70,1654.0,7,1,1597.0,3,505.0,505.0,16,504.0,1,497.0,92,505.0,2,8,8
2023-07-15,province,mb,856.0,23,808.0,2,3,808.0,1,68.0,68.0,4,85.0,1,68.0,33,85.0,1,6,5
2023-07-15,province,nb,470.0,19,327.0,0,0,324.0,0,44.0,44.0,6,44.0,0,44.0,8,44.0,0,0,0
2023-07-15,province,nl,340.0,46,234.0,1,0,234.0,2,234.0,234.0,8,234.0,0,234.0,23,234.0,0,6,1
2023-07-15,province,ns,816.0,101,485.0,0,0,485.0,0,23.0,23.0,4,23.0,0,23.0,6,23.0,1,0,0
2023-07-15,province,pe,62.0,5,7.0,0,0,7.0,0,5.0,5.0,2,5.0,0,5.0,1,5.0,0,0,0
2023-07-15,province,sk,967.0,47,418.0,3,0,410.0,0,211.0,211.0,8,211.0,0,211.0,48,211.0,2,8,3
2023-07-15,territory,nt,5.0,0,5.0,0,0,5.0,0,,,0,,0,5.0,1,,0,0,0
2023-07-15,territory,nu,,0,,0,0,,0,,,0,,0,,0,,0,0,0
2023-07-08,province,sk,1072.0,23,453.0,1,0,446.0,0,191.0,191.0,12,191.0,0,191.0,45,191.0,2,10,1
2023-07-08,province,ab,2193.0,68,1712.0,9,5,1642.0,0,524.0,522.0,13,523.0,1,519.0,87,524.0,4,13,14
2023-07-08,territory,nt,9.0,0,8.0,0,0,8.0,0,,,0,,0,8.0,4,,0,0,0
2023-07-08,province,pe,84.0,8,6.0,0,0,6.0,0,5.0,5.0,1,5.0,0,5.0,1,5.0,0,1,0
2023-07-08,province,mb,855.0,35,739.0,2,3,739.0,1,52.0,52.0,11,82.0,0,52.0,40,82.0,0,6,5
2023-07-08,province,nb,512.0,24,390.0,1,1,386.0,6,59.0,59.0,3,59.0,0,59.0,19,59.0,1,2,2
2023-07-08,province,nl,311.0,39,190.0,1,0,190.0,3,190.0,190.0,9,190.0,0,190.0,18,190.0,4,8,1
2023-07-08,province,ns,778.0,83,473.0,0,0,473.0,1,24.0,24.0,1,24.0,0,24.0,9,24.0,0,2,0
2023-07-08,territory,nu,52.0,0,44.0,0,1,44.0,1,,,0,,0,,0,,0,0,1
2023-07-08,territory,yk,21.0,2,11.0,0,0,11.0,0,,,0,,0,,0,,0,0,0
2023-07-01,territory,yk,37.0,0,15.0,0,0,15.0,1,,,0,,0,,0,,0,0,0
2023-07-01,province,ab,2334.0,104,1810.0,10,2,1737.0,2,481.0,480.0,12,479.0,1,474.0,78,480.0,6,7,12
2023-07-01,province,mb,811.0,28,731.0,2,1,731.0,0,56.0,56.0,3,80.0,0,56.0,23,80.0,0,4,3
2023-07-01,province,nb,522.0,23,483.0,1,0,480.0,2,53.0,53.0,3,53.0,0,53.0,11,53.0,0,2,1
2023-07-01,province,nl,304.0,45,203.0,1,0,203.0,5,203.0,203.0,8,203.0,1,203.0,21,203.0,6,8,1
2023-07-01,province,ns,929.0,64,624.0,1,0,624.0,2,19.0,19.0,0,19.0,0,19.0,7,19.0,0,1,1
2023-07-01,province,pe,73.0,11,10.0,0,0,10.0,0,6.0,6.0,0,6.0,0,6.0,1,6.0,0,0,0
2023-07-01,province,sk,1064.0,34,453.0,4,0,448.0,0,208.0,208.0,20,208.0,2,208.0,67,208.0,6,13,4
2023-07-01,territory,nt,12.0,0,11.0,0,0,11.0,0,,,0,,0,11.0,5,,0,0,0
2023-07-01,territory,nu,55.0,0,44.0,0,0,44.0,0,,,0,,0,,0,,0,0,0
2023-06-24,province,sk,1112.0,33,478.0,4,2,470.0,0,168.0,168.0,9,168.0,1,168.0,44,168.0,1,11,6
2023-06-24,territory,nt,18.0,0,15.0,0,0,15.0,0,,,0,,0,15.0,4,,0,0,0
2023-06-24,territory,nu,51.0,2,46.0,0,1,46.0,0,,,0,,0,,0,,0,0,1
2023-06-24,territory,yk,28.0,1,11.0,0,0,11.0,0,,,0,,0,,0,,0,0,0
2023-06-24,province,pe,69.0,11,6.0,0,0,6.0,0,3.0,3.0,0,3.0,0,3.0,0,3.0,0,0,0
2023-06-24,province,ns,1101.0,114,677.0,1,0,677.0,2,26.0,26.0,1,26.0,0,26.0,2,26.0,0,3,1
2023-06-24,province,nl,376.0,71,231.0,1,0,231.0,6,231.0,231.0,5,231.0,1,231.0,32,231.0,12,9,1
2023-06-24,province,nb,580.0,38,552.0,0,0,546.0,1,69.0,69.0,2,69.0,1,69.0,27,69.0,2,2,0
2023-06-24,province,ab,2289.0,94,1805.0,7,3,1754.0,1,532.0,532.0,5,531.0,0,526.0,76,532.0,3,18,10
2023-06-24,province,mb,889.0,41,744.0,1,0,744.0,3,49.0,49.0,3,75.0,2,49.0,27,75.0,1,1,1
2023-06-17,province,ns,1123.0,151,698.0,3,2,698.0,4,17.0,17.0,0,17.0,0,17.0,6,17.0,1,0,5
2023-06-17,province,pe,49.0,5,12.0,0,0,12.0,0,6.0,6.0,2,6.0,0,6.0,1,6.0,0,0,0
2023-06-17,province,sk,1233.0,36,542.0,7,0,520.0,0,234.0,234.0,9,234.0,10,234.0,46,235.0,3,20,7
2023-06-17,territory,nt,11.0,0,10.0,0,0,10.0,0,,,0,,0,10.0,4,,0,0,0
2023-06-17,territory,nu,85.0,1,76.0,2,2,76.0,0,,,0,,0,,0,,0,0,4
2023-06-17,territory,yk,28.0,1,13.0,1,0,13.0,0,,,0,,0,,0,,0,0,1
2023-06-17,province,nl,351.0,45,227.0,0,1,227.0,3,227.0,227.0,5,227.0,1,227.0,18,227.0,7,15,1
2023-06-17,province,nb,573.0,60,559.0,1,1,553.0,1,73.0,73.0,4,73.0,1,73.0,19,73.0,0,1,2
2023-06-17,province,mb,900.0,64,752.0,0,3,752.0,5,73.0,73.0,4,96.0,3,73.0,26,96.0,0,6,3
2023-06-17,province,ab,2445.0,94,1824.0,4,9,1775.0,1,536.0,536.0,13,536.0,1,517.0,79,536.0,5,14,13
2023-06-10,province,ns,1176.0,208,735.0,1,0,736.0,2,25.0,25.0,1,25.0,0,25.0,4,25.0,0,0,1
2023-06-10,province,pe,99.0,12,22.0,0,0,22.0,0,7.0,7.0,2,7.0,1,7.0,3,7.0,0,2,0
2023-06-10,territory,yk,31.0,1,13.0,0,0,13.0,0,,,0,,0,,0,,0,0,0
2023-06-10,territory,nu,87.0,0,75.0,1,1,75.0,2,,,0,,0,,0,,0,0,2
2023-06-10,territory,nt,26.0,1,22.0,0,0,22.0,1,,,0,,0,22.0,4,,0,0,0
2023-06-10,province,sk,1213.0,37,569.0,8,1,521.0,1,213.0,213.0,4,213.0,6,213.0,50,212.0,0,11,9
2023-06-10,province,nl,370.0,60,228.0,1,0,228.0,7,228.0,228.0,7,228.0,3,228.0,27,228.0,21,14,1
2023-06-10,province,nb,629.0,65,592.0,1,0,586.0,1,72.0,72.0,3,72.0,1,72.0,17,72.0,0,4,1
2023-06-10,province,mb,915.0,72,788.0,0,4,788.0,4,71.0,71.0,6,87.0,0,71.0,26,87.0,1,4,4
2023-06-10,province,ab,2949.0,136,1973.0,12,6,1917.0,3,626.0,626.0,13,626.0,0,611.0,79,626.0,5,20,18
2023-06-03,territory,yk,31.0,0,14.0,0,0,14.0,0,,,0,,0,,0,,0,0,0
2023-06-03,territory,nu,130.0,0,109.0,0,8,109.0,3,,,0,,0,,0,,0,0,8
2023-06-03,territory,nt,29.0,0,29.0,6,0,29.0,4,,,0,,0,29.0,5,,0,0,6
2023-06-03,province,sk,1224.0,36,503.0,10,1,466.0,0,206.0,206.0,10,206.0,4,206.0,36,206.0,6,28,11
2023-06-03,province,pe,69.0,9,10.0,0,0,10.0,0,5.0,5.0,1,5.0,1,5.0,0,5.0,0,2,0
2023-06-03,province,ns,1042.0,150,683.0,0,0,683.0,2,20.0,20.0,1,20.0,1,20.0,1,20.0,1,2,0
2023-06-03,province,nl,383.0,36,218.0,0,0,218.0,11,218.0,218.0,10,218.0,3,218.0,18,218.0,15,20,0
2023-06-03,province,nb,649.0,65,593.0,0,1,589.0,2,62.0,62.0,4,62.0,2,62.0,9,62.0,1,4,1
2023-06-03,province,ab,3111.0,217,2287.0,8,14,2198.0,7,810.0,810.0,8,810.0,0,810.0,76,810.0,11,17,22
2023-06-03,province,mb,1035.0,76,938.0,4,5,938.0,3,73.0,73.0,1,93.0,2,73.0,24,93.0,5,2,9
2023-05-27,province,pe,80.0,7,6.0,0,1,6.0,0,3.0,3.0,2,3.0,0,3.0,0,3.0,0,0,1
2023-05-27,province,ab,2565.0,167,2246.0,14,28,2170.0,3,734.0,734.0,15,734.0,0,734.0,73,734.0,11,19,42
2023-05-27,province,sk,1398.0,74,528.0,9,2,492.0,0,191.0,191.0,7,190.0,1,191.0,40,191.0,3,23,11
2023-05-27,territory,nt,15.0,3,13.0,0,0,13.0,3,,,0,,0,13.0,4,,0,0,0
2023-05-27,territory,nu,121.0,2,95.0,0,9,95.0,2,,,0,,0,,0,,0,0,9
2023-05-27,territory,yk,57.0,7,16.0,0,0,16.0,0,,,0,,0,,0,,0,0,0
2023-05-27,province,mb,1083.0,101,868.0,3,1,868.0,1,87.0,87.0,1,103.0,1,87.0,16,103.0,1,9,4
2023-05-27,province,nb,657.0,80,627.0,0,1,619.0,4,88.0,88.0,2,88.0,2,88.0,10,88.0,3,10,1
2023-05-27,province,nl,399.0,39,265.0,2,0,265.0,6,265.0,265.0,5,265.0,2,265.0,20,265.0,30,22,2
2023-05-27,province,ns,1175.0,200,670.0,1,0,670.0,4,20.0,23.0,3,23.0,0,23.0,8,23.0,1,1,1
2023-05-20,province,ab,2979.0,239,1968.0,16,25,1893.0,5,719.0,719.0,13,719.0,0,719.0,96,719.0,16,22,41
2023-05-20,province,mb,1104.0,102,933.0,3,10,933.0,1,86.0,86.0,2,94.0,1,86.0,14,94.0,1,2,13
2023-05-20,province,nb,615.0,85,599.0,3,1,593.0,5,89.0,89.0,5,89.0,0,89.0,11,89.0,8,7,4
2023-05-20,territory,nt,14.0,1,12.0,2,1,12.0,1,,,0,,0,12.0,1,,0,0,3
2023-05-20,province,pe,104.0,4,11.0,0,0,11.0,0,2.0,2.0,0,2.0,0,2.0,0,2.0,0,0,0
2023-05-20,province,sk,1507.0,93,613.0,23,4,557.0,2,239.0,239.0,9,239.0,4,239.0,49,239.0,6,14,27
2023-05-20,province,nl,392.0,36,257.0,6,1,257.0,9,257.0,257.0,4,257.0,1,257.0,30,257.0,16,14,7
2023-05-20,territory,yk,60.0,4,11.0,0,0,11.0,0,,,0,,0,,0,,0,0,0
2023-05-20,province,ns,1352.0,260,756.0,1,1,756.0,4,19.0,19.0,1,19.0,0,19.0,3,19.0,1,0,2
2023-05-20,territory,nu,82.0,4,63.0,0,8,63.0,2,,,0,,0,,0,,0,0,8
2023-05-13,territory,nu,136.0,3,101.0,0,12,101.0,8,,,0,,0,,0,,0,0,12
2023-05-13,province,ns,1370.0,254,764.0,2,1,764.0,4,22.0,22.0,2,22.0,0,22.0,3,22.0,0,1,3
2023-05-13,province,nl,421.0,54,259.0,1,2,259.0,11,259.0,259.0,3,259.0,4,259.0,24,259.0,13,11,3
2023-05-13,province,nb,666.0,84,629.0,1,1,586.0,4,60.0,60.0,2,60.0,3,60.0,8,60.0,0,4,2
2023-05-13,province,mb,1226.0,131,984.0,3,9,984.0,4,95.0,95.0,2,116.0,3,95.0,28,116.0,1,8,12
2023-05-13,province,pe,100.0,9,27.0,1,0,27.0,2,1.0,1.0,0,1.0,0,1.0,1,1.0,0,0,1
2023-05-13,territory,yk,36.0,1,14.0,0,0,14.0,0,,,0,,0,,0,,0,0,0
2023-05-13,territory,nt,18.0,0,18.0,0,0,18.0,3,,,0,,0,18.0,5,,0,0,0
2023-05-13,province,sk,1633.0,127,650.0,26,5,617.0,2,265.0,264.0,5,262.0,1,264.0,49,264.0,11,24,31
2023-05-13,province,ab,3285.0,315,2131.0,20,42,2056.0,5,697.0,697.0,10,697.0,0,697.0,77,697.0,25,18,62
2023-05-06,territory,yk,48.0,3,23.0,0,0,23.0,0,,,0,,0,,0,,0,0,0
2023-05-06,territory,nu,134.0,2,110.0,0,13,110.0,5,,,0,,0,,0,,0,0,13
2023-05-06,province,ns,1425.0,239,756.0,2,2,756.0,9,28.0,28.0,3,28.0,1,28.0,8,28.0,4,2,4
2023-05-06,province,nl,459.0,60,277.0,0,0,277.0,20,277.0,277.0,8,277.0,0,277.0,33,277.0,9,24,0
2023-05-06,province,nb,712.0,85,680.0,1,3,676.0,3,77.0,77.0,14,77.0,4,77.0,27,77.0,4,4,4
2023-05-06,province,mb,1350.0,175,1115.0,4,6,1115.0,10,104.0,104.0,4,133.0,4,104.0,30,133.0,3,11,10
2023-05-06,province,ab,3720.0,340,2367.0,27,52,2243.0,5,826.0,826.0,25,826.0,8,815.0,100,826.0,22,34,79
2023-05-06,province,pe,147.0,19,62.0,0,0,62.0,2,8.0,8.0,1,8.0,0,8.0,3,8.0,0,0,0
2023-05-06,territory,nt,19.0,2,16.0,0,0,16.0,2,,,0,,0,16.0,1,,0,0,0
2023-05-06,province,sk,1664.0,142,652.0,14,8,600.0,4,259.0,260.0,7,261.0,8,261.0,38,260.0,7,36,22
2023-04-29,province,sk,1839.0,162,649.0,9,6,553.0,5,247.0,246.0,6,246.0,6,246.0,33,247.0,14,26,15
2023-04-29,territory,nt,18.0,0,15.0,0,0,15.0,0,,,0,,0,15.0,3,,0,0,0
2023-04-29,territory,nu,112.0,2,86.0,1,12,86.0,5,,,0,,0,,0,,0,0,13
2023-04-29,territory,yk,42.0,3,19.0,0,0,19.0,1,,,0,,0,,0,,0,0,0
2023-04-29,province,ab,3917.0,361,2550.0,15,58,2418.0,6,907.0,906.0,11,906.0,16,890.0,103,907.0,33,30,73
2023-04-29,province,mb,1325.0,138,1092.0,2,12,1092.0,15,92.0,92.0,1,115.0,5,92.0,26,115.0,4,5,14
2023-04-29,province,pe,172.0,25,57.0,0,0,57.0,1,4.0,4.0,0,4.0,0,4.0,0,4.0,1,0,0
2023-04-29,province,ns,1342.0,210,735.0,4,0,735.0,8,33.0,33.0,1,33.0,5,33.0,11,33.0,1,0,4
2023-04-29,province,nl,482.0,46,324.0,0,1,324.0,24,324.0,324.0,7,324.0,10,324.0,37,324.0,28,30,1
2023-04-29,province,nb,704.0,84,655.0,1,2,639.0,3,82.0,82.0,6,82.0,2,82.0,19,82.0,5,6,3
2023-04-22,territory,nu,163.0,3,143.0,0,39,143.0,10,,,0,,0,,0,,0,0,39
2023-04-22,province,sk,1826.0,191,693.0,3,9,653.0,8,293.0,293.0,11,293.0,5,293.0,41,293.0,16,48270,39
2023-04-22,territory,nt,20.0,2,20.0,0,1,20.0,3,,,0,,0,20.0,3,,0,0,1
2023-04-22,province,pe,450.0,40,88.0,0,0,88.0,2,7.0,7.0,1,7.0,1,7.0,0,7.0,0,11000,0
2023-04-22,territory,yk,28.0,4,16.0,0,1,16.0,1,,,0,,0,,0,,0,0,1
2023-04-22,province,mb,1373.0,188,1098.0,6,5,1098.0,10,93.0,93.0,1,119.0,4,93.0,11,119.0,3,47400,65
2023-04-22,province,nb,807.0,101,702.0,2,1,716.0,9,77.0,77.0,4,77.0,13,77.0,10,77.0,8,50210,21
2023-04-22,province,ns,1616.0,251,800.0,18,1,800.0,16,28.0,28.0,0,28.0,2,28.0,3,28.0,1,10,181
2023-04-22,province,ab,3839.0,407,1635.0,5,21,1468.0,12,952.0,952.0,15,952.0,21,942.0,105,952.0,31,1359190,521
2023-04-22,province,nl,539.0,60,338.0,1,0,338.0,23,338.0,338.0,4,338.0,6,338.0,29,338.0,9,201360,10
2023-04-15,province,ab,3751.0,320,2679.0,10,47,2514.0,17,1011.0,1011.0,26,1010.0,24,996.0,105,1011.0,34,51,57
2023-04-15,province,pe,548.0,69,122.0,1,0,122.0,8,10.0,10.0,2,10.0,0,10.0,4,10.0,0,4,1
2023-04-15,province,mb,1499.0,224,1157.0,6,4,1157.0,10,104.0,104.0,4,121.0,4,104.0,17,121.0,7,11,10
2023-04-15,province,nb,882.0,105,784.0,2,3,773.0,3,73.0,73.0,5,73.0,4,73.0,12,73.0,5,8,5
2023-04-15,province,nl,582.0,76,380.0,0,0,380.0,30,380.0,380.0,4,380.0,12,380.0,37,380.0,9,31,0
2023-04-15,province,ns,1759.0,332,889.0,1,2,889.0,7,19.0,19.0,0,19.0,0,19.0,0,19.0,3,1,3
2023-04-15,territory,nt,13.0,1,13.0,0,2,13.0,0,,,0,,0,13.0,1,,0,0,2
2023-04-15,province,sk,1994.0,208,748.0,2,8,667.0,10,264.0,264.0,10,264.0,4,264.0,37,264.0,10,23,10
2023-04-15,territory,nu,111.0,0,76.0,0,23,76.0,5,,,0,,0,,0,,0,0,23
2023-04-15,territory,yk,,0,,0,0,,0,,,0,,0,,0,,0,0,0
2023-04-08,province,sk,2072.0,170,754.0,3,4,698.0,11,318.0,318.0,10,318.0,8,318.0,68,318.0,14,15,7
2023-04-08,territory,nt,,0,,0,0,,0,,,0,,0,0.0,0,,0,0,0
2023-04-08,territory,nu,115.0,1,81.0,0,13,81.0,13,,,0,,0,,0,,0,0,13
2023-04-08,province,ab,4030.0,362,2794.0,7,62,2630.0,11,1061.0,1060.0,21,1061.0,26,1041.0,73,1061.0,43,46,69
2023-04-08,province,mb,1497.0,216,1270.0,1,4,1270.0,21,87.0,87.0,1,113.0,4,87.0,13,113.0,3,9,5
2023-04-08,province,nb,887.0,102,770.0,1,2,759.0,4,59.0,59.0,4,59.0,4,59.0,14,59.0,8,1,3
2023-04-08,province,nl,475.0,77,306.0,0,1,306.0,19,306.0,306.0,2,306.0,8,306.0,26,306.0,5,35,1
2023-04-08,province,ns,1634.0,265,907.0,1,0,907.0,12,17.0,17.0,2,17.0,0,17.0,3,17.0,0,1,1
2023-04-08,province,pe,599.0,108,116.0,0,1,116.0,5,17.0,17.0,1,17.0,0,17.0,1,17.0,2,0,1
2023-04-08,territory,yk,54.0,7,26.0,0,0,26.0,2,,,0,,0,,0,,0,0,0
2023-04-01,province,pe,679.0,143,140.0,1,0,140.0,8,12.0,12.0,1,12.0,1,12.0,3,12.0,1,0,1
2023-04-01,province,sk,2323.0,243,692.0,0,5,636.0,12,264.0,264.0,7,264.0,6,264.0,35,264.0,16,15,5
2023-04-01,territory,nt,17.0,0,17.0,0,0,17.0,0,,,0,,0,17.0,3,,0,0,0
2023-04-01,territory,nu,107.0,9,76.0,0,10,76.0,7,,,0,,0,,0,,0,0,10
2023-04-01,province,mb,,0,,0,0,,0,,,0,,0,,0,,0,0,0
2023-04-01,province,ns,1953.0,325,963.0,0,1,963.0,14,26.0,26.0,1,26.0,2,26.0,2,26.0,3,0,1
2023-04-01,province,nl,571.0,86,348.0,1,0,348.0,21,348.0,348.0,6,348.0,6,348.0,34,348.0,12,34,1
2023-04-01,province,nb,1138.0,161,984.0,9,4,918.0,14,81.0,81.0,5,81.0,5,81.0,16,81.0,4,3,13
2023-04-01,province,ab,4409.0,396,2712.0,10,44,2514.0,29,1020.0,1020.0,13,1019.0,37,1012.0,89,1020.0,32,42,54
2023-04-01,territory,yk,53.0,3,26.0,0,1,26.0,1,,,0,,0,,0,,0,0,1
2023-03-25,province,sk,2253.0,226,773.0,2,1,734.0,25,306.0,307.0,14,307.0,4,307.0,56,306.0,16,14,3
2023-03-25,province,ab,4989.0,435,2882.0,11,47,2655.0,29,1110.0,1109.0,19,1109.0,50,1100.0,122,1110.0,26,49,58
2023-03-25,province,pe,643.0,129,136.0,0,0,136.0,10,12.0,12.0,1,12.0,3,12.0,3,12.0,0,1,0
2023-03-25,territory,nu,,0,,0,0,,0,,,0,,0,,0,,0,0,0
2023-03-25,territory,yk,53.0,5,34.0,0,2,34.0,5,,,0,,0,,0,,0,0,2
2023-03-25,province,ns,2168.0,346,1043.0,0,1,1043.0,15,25.0,25.0,0,25.0,1,25.0,1,25.0,1,0,1
2023-03-25,province,nl,459.0,50,336.0,1,2,336.0,22,336.0,336.0,7,336.0,10,336.0,36,336.0,7,42,3
2023-03-25,province,nb,1337.0,222,1150.0,10,2,1083.0,12,83.0,83.0,3,83.0,9,83.0,15,83.0,5,2,12
2023-03-25,province,mb,1504.0,220,1183.0,2,0,1183.0,13,118.0,118.0,2,142.0,4,118.0,21,142.0,4,8,2
2023-03-25,territory,nt,24.0,2,21.0,0,0,21.0,0,,,0,,0,21.0,5,,0,0,0
2023-03-18,province,ab,4421.0,388,2898.0,12,58,2683.0,37,1097.0,1097.0,14,1097.0,44,1067.0,105,1097.0,20,60,70
2023-03-18,province,mb,1715.0,262,1345.0,1,0,1345.0,25,133.0,133.0,1,156.0,6,133.0,16,156.0,10,3,1
2023-03-18,territory,yk,75.0,8,15.0,0,1,15.0,5,,,0,,0,,0,,0,0,1
2023-03-18,territory,nu,104.0,13,68.0,0,2,68.0,7,,,0,,0,,0,,0,0,2
2023-03-18,territory,nt,27.0,0,24.0,0,0,24.0,6,,,0,,0,24.0,6,,0,0,0
2023-03-18,province,sk,2226.0,195,758.0,3,2,683.0,25,226.0,225.0,10,225.0,13,225.0,29,226.0,8,11,5
2023-03-18,province,pe,595.0,103,141.0,1,0,141.0,8,8.0,8.0,0,8.0,4,8.0,0,8.0,0,0,1
2023-03-18,province,ns,2145.0,336,1113.0,2,1,1113.0,11,33.0,33.0,2,33.0,10,33.0,6,33.0,5,0,3
2023-03-18,province,nl,491.0,68,325.0,0,2,325.0,31,325.0,325.0,7,325.0,2,325.0,24,325.0,10,42,2
2023-03-18,province,nb,1523.0,319,1245.0,7,1,1148.0,20,62.0,62.0,4,62.0,15,62.0,6,62.0,5,3,8
2023-03-11,province,ns,2091.0,327,1121.0,0,1,1121.0,31,28.0,28.0,0,28.0,5,28.0,4,28.0,3,1,1
2023-03-11,province,pe,462.0,63,36.0,0,0,36.0,1,8.0,8.0,2,8.0,1,8.0,1,8.0,0,1,0
2023-03-11,province,nl,555.0,90,356.0,0,0,356.0,20,356.0,356.0,5,356.0,9,356.0,24,356.0,14,38,0
2023-03-11,province,ab,4408.0,406,2614.0,12,25,2437.0,53,1007.0,1007.0,26,1005.0,38,989.0,103,1007.0,17,34,37
2023-03-11,province,nb,1715.0,401,1358.0,9,0,1252.0,30,79.0,79.0,5,79.0,12,79.0,14,79.0,8,5,9
2023-03-11,province,mb,1637.0,217,1315.0,5,0,1315.0,40,123.0,123.0,2,198.0,4,123.0,18,198.0,6,5,5
2023-03-11,territory,nu,94.0,8,48.0,0,0,48.0,6,,,0,,0,,0,,0,0,0
2023-03-11,territory,nt,30.0,4,28.0,0,1,28.0,6,,,0,,0,28.0,3,,0,0,1
2023-03-11,province,sk,2567.0,213,855.0,4,3,793.0,41,332.0,332.0,8,332.0,12,332.0,56,332.0,9,8,7
2023-03-11,territory,yk,98.0,13,25.0,0,2,25.0,4,,,0,,0,,0,,0,0,2
2023-03-04,province,nb,1841.0,378,1454.0,3,0,1337.0,63,87.0,87.0,4,87.0,15,87.0,12,87.0,2,3,3
2023-03-04,territory,nt,43.0,6,32.0,0,0,32.0,4,,,0,,0,32.0,9,,0,0,0
2023-03-04,province,ab,4648.0,377,3040.0,15,17,2795.0,88,1078.0,1078.0,27,1078.0,43,1061.0,108,1078.0,22,65,32
2023-03-04,territory,nu,100.0,7,54.0,0,3,54.0,3,,,0,,0,,0,,0,0,3
2023-03-04,province,sk,2724.0,191,968.0,4,0,879.0,78,343.0,343.0,9,343.0,23,343.0,39,342.0,18,15,4
2023-03-04,province,mb,1437.0,196,1211.0,7,4,1211.0,44,138.0,138.0,1,152.0,6,138.0,13,152.0,4,5,11
2023-03-04,province,nl,506.0,86,303.0,2,0,303.0,17,303.0,303.0,7,303.0,5,303.0,23,303.0,19,33,2
2023-03-04,province,pe,588.0,75,149.0,2,2,149.0,21,6.0,6.0,0,6.0,2,6.0,1,6.0,0,0,4
2023-03-04,province,ns,2615.0,396,1011.0,2,0,1011.0,22,25.0,25.0,2,25.0,3,25.0,3,25.0,1,2,2
2023-03-04,territory,yk,106.0,11,30.0,0,1,30.0,1,,,0,,0,,0,,0,0,1
2023-02-25,territory,nu,73.0,6,34.0,0,6,34.0,2,,,0,,0,,0,,0,0,6
2023-02-25,province,pe,566.0,54,162.0,1,0,162.0,34,10.0,10.0,1,10.0,1,10.0,1,10.0,0,2,1
2023-02-25,province,sk,2534.0,173,882.0,5,4,792.0,96,319.0,319.0,6,319.0,16,319.0,40,319.0,9,11,9
2023-02-25,province,ns,2078.0,358,1098.0,0,0,1098.0,57,31.0,34.0,0,34.0,6,34.0,7,34.0,3,2,0
2023-02-25,province,ab,4748.0,391,2979.0,26,18,2728.0,106,1006.0,1005.0,15,1005.0,36,993.0,92,1006.0,10,32,44
2023-02-25,province,nl,575.0,125,323.0,0,0,323.0,25,323.0,323.0,11,323.0,8,323.0,29,323.0,12,17,0
2023-02-25,province,mb,1406.0,166,975.0,1,0,975.0,56,95.0,95.0,2,106.0,5,95.0,13,106.0,6,8,1
2023-02-25,province,nb,1659.0,372,1281.0,1,1,1138.0,59,57.0,57.0,4,57.0,10,57.0,14,57.0,6,3,2
2023-02-25,territory,nt,30.0,7,22.0,0,0,22.0,5,,,0,,0,22.0,3,,0,0,0
2023-02-25,territory,yk,104.0,14,32.0,0,1,32.0,5,,,0,,0,,0,,0,0,1
2023-02-18,territory,yk,123.0,28,40.0,0,0,41.0,4,,,0,,0,,0,,0,0,0
2023-02-18,territory,nu,60.0,0,23.0,0,0,23.0,1,,,0,,0,,0,,0,0,0
2023-02-18,territory,nt,24.0,2,20.0,0,0,20.0,3,,,0,,0,20.0,4,,0,0,0
2023-02-18,province,sk,2745.0,172,955.0,2,1,881.0,110,336.0,336.0,7,336.0,20,336.0,42,336.0,4,28,3
2023-02-18,province,nb,2151.0,374,1493.0,1,0,1322.0,83,100.0,100.0,7,100.0,19,100.0,15,100.0,7,5,1
2023-02-18,province,nl,518.0,79,301.0,0,0,301.0,22,301.0,301.0,3,301.0,19,301.0,30,301.0,12,15,0
2023-02-18,province,ns,2312.0,449,1143.0,1,0,1143.0,63,38.0,38.0,0,38.0,2,38.0,7,38.0,1,0,1
2023-02-18,province,pe,632.0,89,131.0,1,0,131.0,30,10.0,10.0,1,10.0,3,10.0,0,10.0,0,0,1
2023-02-18,province,ab,5122.0,441,3006.0,42,14,2783.0,140,1055.0,1055.0,15,1052.0,55,1036.0,105,1055.0,18,34,56
2023-02-18,province,mb,1399.0,137,1227.0,2,2,1227.0,61,86.0,86.0,0,100.0,2,86.0,6,100.0,6,8,4
2023-02-11,province,sk,2840.0,178,1007.0,6,0,898.0,106,364.0,364.0,11,364.0,16,364.0,43,363.0,6,19,6
2023-02-11,territory,nu,111.0,8,52.0,0,0,52.0,1,,,0,,0,,0,,0,0,0
2023-02-11,province,pe,679.0,88,115.0,0,0,115.0,22,18.0,18.0,1,18.0,3,18.0,2,18.0,0,0,0
2023-02-11,territory,yk,101.0,5,24.0,0,0,24.0,6,,,0,,0,,0,,0,0,0
2023-02-11,province,mb,1532.0,157,1325.0,6,0,1325.0,64,106.0,106.0,0,111.0,5,106.0,7,111.0,5,3,6
2023-02-11,province,nb,2273.0,399,1423.0,2,0,1260.0,87,75.0,75.0,7,75.0,11,75.0,20,75.0,6,2,2
2023-02-11,province,nl,510.0,58,291.0,0,0,291.0,11,291.0,291.0,1,291.0,8,291.0,24,291.0,13,21,0
2023-02-11,province,ns,2642.0,565,1287.0,1,1,1287.0,99,36.0,36.0,1,36.0,1,36.0,7,36.0,3,2,2
2023-02-11,province,ab,4168.0,388,3377.0,51,21,3133.0,202,1221.0,1219.0,16,1218.0,56,1207.0,122,1221.0,19,29,72
2023-02-11,territory,nt,47.0,9,44.0,0,0,44.0,6,,,0,,0,44.0,7,,0,0,0
2023-02-04,province,sk,4047.0,248,1081.0,3,0,915.0,126,371.0,370.0,13,370.0,15,370.0,38,370.0,6,17,3
2023-02-04,territory,nt,34.0,0,27.0,0,0,27.0,4,,,0,,0,27.0,4,,0,0,0
2023-02-04,territory,nu,118.0,12,53.0,0,0,53.0,2,,,0,,0,,0,,0,0,0
2023-02-04,territory,yk,106.0,3,21.0,0,0,21.0,5,,,0,,0,,0,,0,0,0
2023-02-04,province,nl,573.0,74,284.0,2,0,284.0,13,284.0,284.0,6,284.0,6,284.0,29,284.0,15,15,2
2023-02-04,province,ns,2538.0,637,1301.0,4,0,1301.0,90,31.0,31.0,1,31.0,3,31.0,7,31.0,4,1,4
2023-02-04,province,pe,692.0,61,106.0,1,0,106.0,17,22.0,22.0,0,22.0,5,22.0,7,22.0,1,1,1
2023-02-04,province,mb,1435.0,142,1214.0,10,0,1214.0,75,114.0,114.0,4,134.0,7,114.0,8,134.0,9,6,10
2023-02-04,province,nb,2155.0,357,1530.0,1,0,1215.0,110,259.0,259.0,22,259.0,10,259.0,23,259.0,8,2,1
2023-02-04,province,ab,5447.0,568,3466.0,48,14,3068.0,322,1285.0,1285.0,17,1284.0,59,1250.0,102,1285.0,21,39,62
2023-01-28,territory,yk,130.0,6,22.0,0,0,22.0,3,,,0,,0,,0,,0,0,0
2023-01-28,province,pe,645.0,71,124.0,4,0,124.0,31,17.0,17.0,1,17.0,0,17.0,4,17.0,3,0,4
2023-01-28,territory,nu,103.0,9,48.0,0,0,48.0,1,,,0,,0,,0,,0,0,0
2023-01-28,territory,nt,19.0,1,23.0,0,0,23.0,6,,,0,,0,23.0,3,,0,0,0
2023-01-28,province,sk,5000.0,216,1200.0,7,0,990.0,157,433.0,435.0,18,435.0,19,435.0,38,434.0,7,14,7
2023-01-28,province,ns,3109.0,765,1433.0,3,0,1433.0,98,31.0,31.0,0,31.0,1,31.0,6,31.0,1,0,3
2023-01-28,province,nl,703.0,73,277.0,0,0,277.0,20,277.0,277.0,6,277.0,6,277.0,14,277.0,11,10,0
2023-01-28,province,nb,2199.0,280,1350.0,7,1,1203.0,86,88.0,88.0,2,88.0,2,88.0,22,88.0,2,2,8
2023-01-28,province,mb,2103.0,221,1324.0,7,2,1324.0,76,109.0,109.0,2,127.0,8,109.0,7,127.0,6,3,9
2023-01-28,province,ab,5008.0,629,3322.0,39,10,2834.0,349,1108.0,1107.0,15,1107.0,47,1100.0,97,1108.0,19,29,49
2023-01-21,province,mb,1686.0,178,1271.0,10,0,1271.0,105,144.0,144.0,2,169.0,5,144.0,4,169.0,10,4,10
2023-01-21,province,ab,5730.0,690,3769.0,54,14,3307.0,433,1314.0,1314.0,11,1313.0,56,1292.0,73,1314.0,17,49,68
2023-01-21,province,nb,3524.0,361,1765.0,8,1,1583.0,140,91.0,91.0,8,91.0,3,91.0,12,91.0,3,9,9
2023-01-21,province,pe,818.0,156,165.0,3,0,165.0,28,24.0,24.0,2,24.0,1,24.0,5,24.0,3,2,3
2023-01-21,province,sk,5094.0,246,1243.0,11,0,1031.0,137,412.0,411.0,9,411.0,27,411.0,33,412.0,10,22,11
2023-01-21,territory,yk,114.0,7,25.0,0,0,25.0,1,,,0,,0,,0,,0,0,0
2023-01-21,territory,nu,135.0,14,80.0,0,0,80.0,2,,,0,,0,,0,,0,0,0
2023-01-21,territory,nt,35.0,3,30.0,0,0,30.0,10,,,0,,0,30.0,4,,0,0,0
2023-01-21,province,ns,3428.0,841,1582.0,30,0,1573.0,133,37.0,41.0,1,41.0,0,41.0,2,41.0,4,1,30
2023-01-21,province,nl,665.0,100,346.0,4,0,346.0,17,346.0,346.0,10,346.0,11,346.0,19,346.0,22,8,4
2023-01-14,territory,nu,153.0,18,67.0,0,0,67.0,2,,,0,,0,,0,,0,0,0
2023-01-14,territory,nt,,0,,0,0,,0,,,0,,0,0.0,0,,0,0,0
2023-01-14,province,sk,5352.0,271,1382.0,21,0,1100.0,159,545.0,545.0,20,545.0,31,545.0,29,545.0,18,22,21
2023-01-14,province,ns,3796.0,938,1574.0,38,0,1574.0,138,33.0,33.0,1,33.0,0,33.0,2,33.0,1,1,38
2023-01-14,province,ab,6645.0,971,4385.0,88,1,3902.0,605,1559.0,1557.0,15,1553.0,58,1538.0,67,1559.0,22,45,89
2023-01-14,province,nl,724.0,100,374.0,19,0,374.0,8,374.0,374.0,6,374.0,5,374.0,14,374.0,39,11,19
2023-01-14,province,nb,4207.0,444,2143.0,39,1,1930.0,126,99.0,99.0,10,99.0,11,99.0,15,99.0,10,5,40
2023-01-14,province,pe,903.0,162,200.0,10,0,200.0,30,20.0,20.0,1,20.0,0,20.0,4,20.0,2,3,10
2023-01-14,province,mb,1834.0,208,1499.0,29,0,1499.0,131,127.0,127.0,3,157.0,9,127.0,9,157.0,20,2,29
2023-01-14,territory,yk,128.0,7,45.0,5,0,45.0,1,,,0,,0,,0,,0,0,5
2023-01-07,territory,yk,139.0,17,53.0,6,0,53.0,1,,,0,,0,,0,,0,0,6
2023-01-07,territory,nu,144.0,22,61.0,3,0,61.0,2,,,0,,0,,0,,0,0,3
2023-01-07,territory,nt,,0,,0,0,,0,,,0,,0,,0,,0,0,0
2023-01-07,province,nl,725.0,142,620.0,56,0,620.0,28,620.0,620.0,12,620.0,22,620.0,13,620.0,63,13,56
2023-01-07,province,nb,4297.0,557,2521.0,123,0,2205.0,212,129.0,129.0,15,129.0,5,129.0,8,129.0,17,7,123
2023-01-07,province,mb,1997.0,188,1545.0,43,0,1545.0,164,124.0,124.0,6,152.0,9,124.0,12,152.0,22,13,43
2023-01-07,province,sk,4908.0,324,1424.0,31,0,1178.0,183,560.0,561.0,9,561.0,42,561.0,28,560.0,23,40,31
2023-01-07,province,ab,6498.0,1009,4562.0,162,0,4124.0,751,1469.0,1468.0,16,1469.0,76,1455.0,52,1469.0,29,36,162
2023-01-07,province,ns,4076.0,945,2101.0,82,0,2101.0,192,32.0,32.0,0,32.0,1,32.0,1,32.0,5,3,82
2023-01-07,province,pe,836.0,154,218.0,8,0,218.0,30,21.0,21.0,3,21.0,0,21.0,3,21.0,3,2,8
2022-12-31,province,pe,782.0,166,184.0,13,0,184.0,22,24.0,24.0,2,24.0,0,24.0,4,24.0,4,4,13
2022-12-31,province,ab,5842.0,931,2666.0,199,2,2196.0,416,1313.0,1312.0,16,1311.0,61,1302.0,67,1313.0,35,43,201
2022-12-31,province,nb,3609.0,493,2369.0,209,0,2114.0,165,98.0,98.0,3,98.0,8,98.0,12,98.0,10,4,209
2022-12-31,province,mb,2106.0,219,1360.0,81,0,1360.0,148,109.0,109.0,5,123.0,6,109.0,7,123.0,12,13,81
2022-12-31,territory,yk,96.0,3,35.0,7,0,35.0,4,,,0,,0,,0,,0,0,7
2022-12-31,province,sk,4010.0,264,1379.0,68,1,1206.0,176,547.0,544.0,9,544.0,44,544.0,29,547.0,32,31,69
2022-12-31,territory,nt,,0,,0,0,,0,,,0,,0,,0,,0,0,0
2022-12-31,province,nl,586.0,108,493.0,85,0,493.0,17,493.0,493.0,8,493.0,18,493.0,22,493.0,30,7,85
2022-12-31,territory,nu,101.0,11,45.0,2,0,45.0,0,,,0,,0,,0,,0,0,2
2022-12-31,province,ns,3481.0,876,1878.0,154,0,1878.0,165,23.0,23.0,0,23.0,0,23.0,1,23.0,2,3,154
2022-12-17,province,pe,933.0,186,161.0,46,0,161.0,10,70.0,70.0,3,70.0,0,70.0,6,70.0,4,6,46
2022-12-17,province,ab,7594.0,999,3860.0,505,0,3215.0,567,1272.0,1272.0,20,1270.0,38,1255.0,52,1272.0,55,41,505
2022-12-17,province,sk,,0,,0,0,,0,,,0,,0,,0,,0,0,0
2022-12-17,territory,nu,106.0,18,64.0,8,0,64.0,3,,,0,,0,,0,,0,0,8
2022-12-17,province,nb,5627.0,674,3443.0,797,0,2810.0,190,212.0,212.0,24,212.0,1,212.0,39,212.0,25,15,797
2022-12-17,province,mb,2219.0,251,1757.0,239,0,1757.0,120,194.0,194.0,4,220.0,5,194.0,18,220.0,13,6,239
2022-12-17,territory,nt,112.0,22,88.0,28,0,88.0,2,,,0,,0,88.0,7,,0,0,28
2022-12-17,province,ns,4395.0,654,2281.0,494,0,2281.0,181,37.0,36.0,1,36.0,0,36.0,3,36.0,3,1,494
2022-12-17,province,nl,826.0,120,669.0,187,0,669.0,14,669.0,669.0,12,669.0,27,669.0,39,669.0,25,7,187
2022-12-17,territory,yk,123.0,8,49.0,19,0,49.0,0,,,0,,0,,0,,0,0,19
2022-12-10,province,mb,2359.0,248,1505.0,410,0,1505.0,82,170.0,153.0,4,201.0,6,170.0,16,201.0,7,7,410
2022-12-10,territory,yk,149.0,3,72.0,35,0,72.0,1,,,0,,0,,0,,0,0,35
2022-12-10,province,pe,1058.0,232,214.0,72,0,214.0,14,66.0,66.0,2,66.0,1,66.0,4,66.0,0,12,72
2022-12-10,province,nl,853.0,117,674.0,211,0,674.0,22,674.0,674.0,15,674.0,35,674.0,37,674.0,30,12,211
2022-12-10,province,ns,5150.0,614,2779.0,778,0,2779.0,176,26.0,26.0,3,26.0,0,26.0,3,26.0,0,1,778
2022-12-10,territory,nu,120.0,4,59.0,11,0,59.0,2,,,0,,0,,0,,0,0,11
2022-12-10,province,nb,6384.0,895,3737.0,1053,0,2560.0,147,196.0,196.0,7,196.0,2,196.0,29,196.0,17,10,1053
2022-12-10,province,ab,7697.0,1090,4065.0,740,2,3322.0,375,1585.0,1584.0,18,1583.0,34,1573.0,59,1585.0,60,56,742
2022-12-10,territory,nt,135.0,11,116.0,48,0,116.0,4,,,0,,0,116.0,8,,0,0,48
2022-12-10,province,sk,6493.0,427,1871.0,376,0,1476.0,80,684.0,682.0,3,682.0,31,682.0,18,684.0,39,30,376
2022-12-03,province,ns,5226.0,596,2763.0,719,0,2763.0,173,37.0,37.0,3,37.0,0,37.0,6,37.0,1,3,719
2022-12-03,province,nl,703.0,129,516.0,119,0,516.0,18,516.0,516.0,16,516.0,24,516.0,43,516.0,6,7,119
2022-12-03,province,nb,5280.0,649,2925.0,868,1,2642.0,124,196.0,196.0,10,196.0,2,196.0,19,196.0,15,9,869
2022-12-03,province,mb,2919.0,422,2022.0,394,0,2022.0,80,190.0,190.0,7,221.0,11,190.0,29,221.0,10,8,394
2022-12-03,territory,yk,180.0,11,26.0,17,0,24.0,0,,,0,,0,,0,,0,0,17
2022-12-03,territory,nu,93.0,9,58.0,9,0,58.0,0,,,0,,0,,0,,0,0,9
2022-12-03,territory,nt,80.0,7,73.0,22,0,73.0,3,,,0,,0,73.0,8,,0,0,22
2022-12-03,province,sk,6966.0,461,2143.0,545,2,1735.0,67,807.0,809.0,14,809.0,44,809.0,40,808.0,25,38,547
2022-12-03,province,ab,8546.0,1216,4160.0,1066,1,3128.0,286,1644.0,1644.0,16,1642.0,17,1618.0,55,1644.0,45,45,1067
2022-12-03,province,pe,1145.0,259,189.0,80,0,189.0,12,59.0,59.0,6,59.0,0,59.0,11,59.0,0,11,80
2022-11-26,province,ab,10207.0,1441,4541.0,1437,0,3478.0,242,1509.0,1508.0,15,1509.0,18,1496.0,48,1509.0,58,38,1437
2022-11-26,province,sk,7187.0,489,1986.0,582,1,1573.0,42,637.0,637.0,13,637.0,23,637.0,34,631.0,24,24,583
2022-11-26,territory,nt,89.0,21,85.0,11,0,85.0,2,,,0,,0,85.0,10,,0,0,11
2022-11-26,province,ns,5021.0,584,2305.0,605,0,2305.0,159,31.0,31.0,1,31.0,0,31.0,4,31.0,0,3,605
2022-11-26,territory,nu,101.0,5,55.0,7,0,55.0,1,,,0,,0,,0,,0,0,7
2022-11-26,province,nl,487.0,102,340.0,37,0,340.0,16,340.0,340.0,12,340.0,13,340.0,21,340.0,3,2,37
2022-11-26,province,nb,4969.0,642,2384.0,563,0,1924.0,112,237.0,237.0,13,237.0,1,237.0,30,237.0,12,26,563
2022-11-26,province,mb,2842.0,400,1914.0,410,0,1914.0,43,175.0,175.0,10,211.0,7,175.0,19,211.0,9,13,410
2022-11-26,province,pe,1184.0,264,111.0,39,0,111.0,5,69.0,69.0,1,69.0,1,69.0,11,69.0,3,9,39
2022-11-26,territory,yk,167.0,5,11.0,6,0,11.0,0,,,0,,0,,0,,0,0,6
2022-11-19,province,ab,,0,4210.0,1353,3,3276.0,187,1754.0,1753.0,15,1751.0,21,1735.0,92,1754.0,104,43,1356
2022-11-19,province,pe,,0,87.0,25,0,87.0,1,85.0,85.0,3,85.0,1,85.0,15,85.0,2,16,25
2022-11-19,territory,nu,,0,101.0,12,0,101.0,0,,,0,,0,,0,,0,0,12
2022-11-19,territory,nt,,0,51.0,4,0,51.0,4,0.0,0.0,0,0.0,0,51.0,7,0.0,0,0,4
2022-11-19,province,sk,,0,1852.0,634,1,1558.0,29,775.0,775.0,16,775.0,44,775.0,52,781.0,26,47,635
2022-11-19,province,ns,,0,1550.0,239,0,1550.0,124,36.0,36.0,1,36.0,0,36.0,8,36.0,0,3,239
2022-11-19,province,nl,,0,314.0,9,0,314.0,13,314.0,314.0,11,314.0,20,314.0,44,314.0,3,5,9
2022-11-19,province,nb,,0,1482.0,226,0,587.0,35,140.0,140.0,10,140.0,0,140.0,39,140.0,10,10,226
2022-11-19,province,mb,,0,1122.0,175,0,1122.0,62,186.0,186.0,6,210.0,8,186.0,26,210.0,6,18,175
2022-11-19,territory,yk,,0,19.0,2,0,19.0,0,,,0,,0,,0,,0,0,2
2022-11-12,province,mb,,0,815.0,60,0,815.0,45,197.0,197.0,8,210.0,16,197.0,31,210.0,4,10,60
2022-11-12,province,nb,,0,666.0,114,1,388.0,14,66.0,66.0,5,66.0,0,66.0,17,66.0,1,5,115
2022-11-12,province,nl,,0,244.0,7,0,244.0,19,244.0,244.0,8,244.0,12,244.0,33,244.0,1,3,7
2022-11-12,province,ab,,0,3719.0,1166,2,2928.0,106,1416.0,1416.0,17,1411.0,8,1390.0,97,1416.0,69,49,1168
2022-11-12,province,ns,,0,1151.0,105,0,1151.0,138,64.0,64.0,5,64.0,0,64.0,14,64.0,1,2,105
2022-11-12,territory,yk,,0,10.0,0,0,10.0,0,,,0,,0,,0,,0,0,0
2022-11-12,province,sk,,0,1239.0,396,0,1037.0,20,533.0,533.0,11,533.0,35,533.0,44,532.0,24,33,396
2022-11-12,territory,nt,,0,56.0,2,0,56.0,3,0.0,0.0,0,0.0,0,56.0,13,0.0,0,0,2
2022-11-12,territory,nu,,0,96.0,27,0,96.0,0,,,0,,0,,0,,0,0,27
2022-11-12,province,pe,,0,84.0,18,0,84.0,0,84.0,84.0,7,84.0,2,84.0,27,84.0,1,13,18
2022-11-05,province,nl,,0,220.0,1,0,220.0,8,220.0,220.0,12,220.0,10,220.0,37,220.0,1,4,1
2022-11-05,territory,nt,,0,42.0,0,0,42.0,1,0.0,0.0,0,0.0,0,42.0,10,0.0,0,0,0
2022-11-05,province,sk,,0,896.0,192,0,703.0,12,377.0,377.0,11,377.0,14,377.0,56,377.0,11,28,192
2022-11-05,province,ab,,0,3200.0,653,0,2675.0,100,1119.0,1119.0,15,1118.0,9,1100.0,103,1119.0,69,38,653
2022-11-05,province,ns,,0,415.0,32,0,415.0,51,33.0,33.0,1,33.0,0,33.0,13,33.0,0,3,32
2022-11-05,province,pe,,0,63.0,6,0,63.0,1,63.0,63.0,4,63.0,0,63.0,19,63.0,1,15,6
2022-11-05,province,nb,,0,511.0,58,0,266.0,4,46.0,46.0,5,46.0,0,46.0,15,46.0,1,6,58
2022-11-05,province,mb,,0,778.0,7,0,778.0,23,155.0,155.0,7,187.0,10,155.0,34,187.0,1,9,7
2022-11-05,territory,yk,,0,6.0,0,0,6.0,0,,,0,,0,,0,,0,0,0
2022-11-05,territory,nu,,0,120.0,47,0,120.0,2,,,0,,0,,0,,0,0,47
2022-10-29,territory,yk,,0,9.0,0,0,9.0,0,,,0,,0,,0,,0,0,0
2022-10-29,territory,nu,,0,97.0,33,0,97.0,1,,,0,,0,,0,,0,0,33
2022-10-29,province,mb,,0,731.0,14,0,731.0,21,158.0,158.0,6,185.0,6,158.0,38,185.0,2,9,14
2022-10-29,province,nb,,0,,0,0,,0,,,0,,0,,0,,0,0,0
2022-10-29,province,nl,,0,264.0,0,0,264.0,13,264.0,264.0,3,264.0,5,264.0,31,264.0,1,3,0
2022-10-29,territory,nt,,0,53.0,0,0,53.0,4,0.0,0.0,0,0.0,0,53.0,17,0.0,0,0,0
2022-10-29,province,sk,,0,707.0,57,0,512.0,9,271.0,271.0,9,271.0,17,271.0,44,272.0,13,21,57
2022-10-29,province,ns,,0,264.0,8,0,264.0,17,66.0,66.0,3,66.0,0,66.0,11,66.0,2,2,8
2022-10-29,province,ab,,0,2535.0,211,0,2171.0,57,1065.0,1065.0,14,1062.0,2,1051.0,120,1065.0,53,31,211
2022-10-29,province,pe,,0,56.0,0,0,56.0,1,56.0,56.0,3,56.0,3,56.0,29,56.0,0,5,0
2022-10-22,territory,yk,,0,2.0,0,0,6.0,1,,,0,,0,,0,,0,0,0
2022-10-22,territory,nu,,0,,0,0,,0,,,0,,0,,0,,0,0,0
2022-10-22,province,sk,,0,610.0,15,0,473.0,5,237.0,237.0,8,237.0,11,237.0,61,236.0,7,21,15
2022-10-22,territory,nt,,0,48.0,1,0,48.0,2,0.0,0.0,0,0.0,0,48.0,13,0.0,0,0,1
2022-10-22,province,ns,,0,240.0,5,0,240.0,18,50.0,50.0,1,50.0,0,50.0,11,50.0,0,2,5
2022-10-22,province,nl,,0,208.0,0,0,208.0,8,208.0,208.0,0,208.0,3,208.0,30,208.0,0,1,0
2022-10-22,province,nb,,0,512.0,20,0,310.0,0,55.0,55.0,5,55.0,0,55.0,18,55.0,0,4,20
2022-10-22,province,mb,,0,693.0,3,0,693.0,8,149.0,149.0,5,174.0,8,149.0,43,174.0,1,7,3
2022-10-22,province,ab,,0,2321.0,54,1,2034.0,53,945.0,945.0,11,945.0,2,923.0,135,945.0,27,37,55
2022-10-22,province,pe,,0,41.0,1,0,41.0,1,41.0,41.0,1,41.0,0,41.0,17,41.0,0,5,1
2022-10-15,province,mb,,0,656.0,3,0,656.0,7,147.0,147.0,5,181.0,6,147.0,46,181.0,0,1,3
2022-10-15,province,ab,,0,2125.0,27,0,1863.0,29,901.0,901.0,18,898.0,6,887.0,153,901.0,24,29,27
2022-10-15,territory,yk,,0,5.0,0,0,5.0,0,,,0,,0,,0,,0,0,0
2022-10-15,territory,nu,,0,71.0,13,0,71.0,1,,,0,,0,,0,,0,0,13
2022-10-15,territory,nt,,0,49.0,0,0,49.0,1,0.0,0.0,0,0.0,0,49.0,26,0.0,0,0,0
2022-10-15,province,sk,,0,559.0,2,1,409.0,2,209.0,209.0,4,209.0,5,209.0,56,209.0,1,12,3
2022-10-15,province,pe,,0,33.0,0,0,33.0,0,33.0,33.0,3,33.0,2,33.0,15,33.0,0,2,0
2022-10-15,province,ns,,0,225.0,7,0,225.0,9,52.0,52.0,2,52.0,0,52.0,15,52.0,1,5,7
2022-10-15,province,nb,,0,377.0,6,0,296.0,6,39.0,39.0,5,39.0,0,39.0,15,39.0,0,5,6
2022-10-15,province,nl,,0,141.0,0,0,141.0,9,141.0,141.0,0,141.0,3,141.0,21,141.0,0,2,0
2022-10-08,province,nl,,0,172.0,0,0,172.0,5,172.0,172.0,3,172.0,3,172.0,27,172.0,0,1,0
2022-10-08,province,ns,,0,188.0,0,0,188.0,11,47.0,47.0,1,47.0,0,47.0,12,47.0,0,1,0
2022-10-08,province,nb,,0,421.0,2,0,280.0,2,42.0,42.0,2,42.0,0,42.0,9,42.0,3,3,2
2022-10-08,province,pe,,0,37.0,0,0,37.0,2,37.0,37.0,6,37.0,0,37.0,13,37.0,0,2,0
2022-10-08,province,mb,,0,342.0,0,0,342.0,3,722.0,722.0,5,128.0,2,722.0,24,128.0,1,1,0
2022-10-08,territory,yk,,0,4.0,0,0,4.0,0,,,0,,0,,0,,0,0,0
2022-10-08,territory,nu,,0,93.0,6,0,93.0,2,,,0,,0,,0,,0,0,6
2022-10-08,territory,nt,,0,44.0,0,0,44.0,1,0.0,0.0,0,0.0,0,44.0,19,0.0,0,0,0
2022-10-08,province,sk,,0,483.0,0,0,394.0,0,225.0,225.0,3,225.0,7,225.0,57,225.0,1,14,0
2022-10-08,province,ab,,0,2122.0,27,1,1856.0,8,994.0,994.0,9,994.0,8,975.0,172,994.0,15,34,28
2022-10-01,province,pe,,0,28.0,0,0,28.0,0,28.0,28.0,1,28.0,0,28.0,15,28.0,0,0,0
2022-10-01,province,sk,,0,428.0,0,0,428.0,0,190.0,190.0,9,190.0,6,190.0,55,190.0,1,5,0
2022-10-01,territory,nt,,0,32.0,0,0,32.0,0,0.0,0.0,0,0.0,0,32.0,15,0.0,0,0,0
2022-10-01,territory,nu,,0,77.0,4,0,77.0,1,,,0,,0,,0,,0,0,4
2022-10-01,territory,yk,,0,4.0,0,0,4.0,0,,,0,,0,,0,,0,0,0
2022-10-01,province,ab,,0,2128.0,20,0,1895.0,18,948.0,948.0,12,948.0,6,932.0,191,948.0,8,17,20
2022-10-01,province,ns,,0,179.0,2,1,179.0,6,41.0,41.0,2,41.0,0,41.0,8,41.0,0,0,3
2022-10-01,province,mb,,0,466.0,0,0,466.0,3,127.0,127.0,5,141.0,2,127.0,27,141.0,0,1,0
2022-10-01,province,nl,,0,176.0,0,0,176.0,10,176.0,176.0,3,176.0,5,176.0,35,176.0,0,4,0
2022-10-01,province,nb,,0,305.0,0,0,173.0,1,41.0,41.0,2,41.0,0,41.0,21,41.0,1,1,0
2022-09-24,province,ab,,0,1867.0,11,1,1657.0,7,837.0,837.0,5,835.0,2,821.0,180,837.0,5,14,12
2022-09-24,province,sk,,0,466.0,0,0,466.0,1,204.0,205.0,10,205.0,9,205.0,39,204.0,0,5,0
2022-09-24,territory,nu,,0,98.0,2,0,98.0,2,,,0,,0,,0,,0,0,2
2022-09-24,territory,nt,,0,31.0,0,0,31.0,0,0.0,0.0,0,0.0,0,31.0,13,0.0,0,0,0
2022-09-24,province,ns,,0,202.0,1,0,202.0,1,45.0,45.0,1,45.0,0,45.0,13,45.0,0,0,1
2022-09-24,province,pe,,0,44.0,0,0,44.0,2,44.0,44.0,2,44.0,1,44.0,22,44.0,0,4,0
2022-09-24,territory,yk,,0,3.0,0,0,3.0,0,,,0,,0,,0,,0,0,0
2022-09-24,province,nl,,0,196.0,0,0,196.0,3,196.0,196.0,0,196.0,2,196.0,30,196.0,0,1,0
2022-09-24,province,nb,,0,346.0,0,0,265.0,2,49.0,49.0,1,49.0,0,49.0,9,49.0,0,1,0
2022-09-24,province,mb,,0,,0,0,,0,,,0,,0,,0,,0,0,0
2022-09-17,province,sk,,0,399.0,1,0,399.0,0,184.0,183.0,7,183.0,4,183.0,27,184.0,1,7,1
2022-09-17,territory,nt,,0,44.0,0,0,44.0,3,0.0,0.0,0,0.0,0,44.0,24,0.0,0,0,0
2022-09-17,territory,nu,,0,72.0,1,0,72.0,0,,,0,,0,,0,,0,0,1
2022-09-17,territory,yk,,0,6.0,0,0,6.0,0,,,0,,0,,0,,0,0,0
2022-09-17,province,pe,,0,43.0,0,0,43.0,0,43.0,43.0,3,43.0,0,43.0,29,43.0,0,5,0
2022-09-17,province,ab,,0,1802.0,4,0,1626.0,12,787.0,787.0,5,787.0,3,781.0,166,787.0,3,12,4
2022-09-17,province,ns,,0,244.0,1,0,243.0,2,66.0,66.0,1,66.0,0,66.0,14,66.0,0,0,1
2022-09-17,province,mb,,0,497.0,0,0,497.0,4,93.0,93.0,3,109.0,1,93.0,26,109.0,0,3,0
2022-09-17,province,nb,,0,,0,0,,0,,,0,,0,,0,,0,0,0
2022-09-17,province,nl,,0,156.0,0,0,156.0,4,156.0,156.0,0,156.0,8,156.0,13,156.0,0,1,0
2022-09-10,province,nb,,0,414.0,0,0,293.0,0,75.0,75.0,4,75.0,0,75.0,23,75.0,2,4,0
2022-09-10,province,ab,,0,1622.0,2,2,1476.0,8,702.0,702.0,12,702.0,3,688.0,135,702.0,5,14,4
2022-09-10,province,mb,,0,477.0,0,0,477.0,2,132.0,132.0,7,153.0,6,132.0,44,153.0,0,3,0
2022-09-10,province,nl,,0,142.0,0,0,142.0,3,142.0,142.0,2,142.0,5,142.0,13,142.0,0,7,0
2022-09-10,province,ns,,0,320.0,0,0,320.0,2,33.0,33.0,1,33.0,0,33.0,8,33.0,0,2,0
2022-09-10,province,pe,,0,30.0,0,0,30.0,0,30.0,30.0,3,30.0,0,30.0,17,30.0,0,2,0
2022-09-10,province,sk,,0,387.0,2,0,386.0,3,172.0,175.0,6,175.0,9,175.0,6,172.0,2,8,2
2022-09-10,territory,nt,,0,18.0,0,0,18.0,1,0.0,0.0,0,0.0,0,18.0,9,0.0,0,0,0
2022-09-10,territory,nu,,0,58.0,0,0,58.0,4,,,0,,0,,0,,0,0,0
2022-09-10,territory,yk,,0,10.0,0,0,10.0,0,,,0,,0,,0,,0,0,0
2022-09-03,province,pe,,0,48.0,0,0,48.0,1,48.0,48.0,2,48.0,0,48.0,36,48.0,1,0,0
2022-09-03,province,ab,,0,1516.0,8,1,1313.0,11,656.0,655.0,17,656.0,3,638.0,104,656.0,2,17,9
2022-09-03,province,sk,,0,387.0,0,0,0.0,0,182.0,181.0,4,183.0,8,181.0,14,182.0,0,8,0
2022-09-03,province,nl,,0,171.0,1,0,171.0,2,171.0,171.0,4,171.0,6,171.0,23,171.0,0,0,1
2022-09-03,territory,nt,,0,31.0,0,0,31.0,2,0.0,0.0,0,0.0,0,31.0,11,0.0,0,0,0
2022-09-03,territory,nu,,0,76.0,0,0,76.0,4,,,0,,0,,0,,0,0,0
2022-09-03,province,ns,,0,368.0,0,0,368.0,2,22.0,22.0,3,22.0,0,22.0,11,22.0,0,0,0
2022-09-03,province,nb,,0,345.0,0,1,245.0,7,53.0,53.0,9,53.0,1,53.0,19,53.0,1,1,1
2022-09-03,territory,yk,,0,3.0,0,0,3.0,0,,,0,,0,,0,,0,0,0
2022-09-03,province,mb,,0,619.0,0,0,619.0,4,113.0,113.0,4,143.0,7,113.0,38,143.0,0,1,0
