time_value,geo_type,geo_value,flu_tests,flua_positive_tests,flub_positive_tests,rsv_tests,rsv_positive_tests,hpiv_tests,adv_tests,adv_positive_tests,hmpv_tests,hmpv_positive_tests,ev_rv_tests,ev_rv_positive_tests,hcov_tests,hcov_positive_tests,hpiv_positive_tests,flu_positive_tests,hcov_pct_positive,hmpv_pct_positive,rsv_pct_positive,hpiv_pct_positive,flu_pct_positive,adv_pct_positive,ev_rv_pct_positive,flua_pct_positive,flub_pct_positive
2014-08-23,province,sk,124.0,0,0,124.0,0,124.0,124.0,2,124.0,0,124.0,37,124.0,0,3,0,0.0,0.0,0.0,2.4193548387096775,0.0,1.6129032258064515,29.838709677419356,0.0,0.0
2014-06-14,province,bc,82.0,5,2,82.0,1,48.0,48.0,1,48.0,2,48.0,10,48.0,0,2,7,0.0,4.17,1.22,4.17,8.54,2.08,20.83,6.1,2.44
2014-06-07,province,on,745.0,9,9,809.0,8,704.0,704.0,11,665.0,7,337.0,43,211.0,1,43,18,0.47,1.05,0.99,6.11,2.42,1.56,12.76,1.21,1.21
2014-03-22,province,on,1673.0,55,198,1639.0,156,1375.0,1375.0,17,1333.0,102,559.0,14,337.0,30,11,253,8.9,7.65,9.52,0.8,15.129999999999999,1.24,2.5,3.29,11.84
2013-10-05,province,on,660.0,1,0,651.0,4,601.0,601.0,7,576.0,1,295.0,69,216.0,2,23,1,0.93,0.17,0.61,3.83,0.15,1.16,23.39,0.15,0.0
2014-06-07,province,qc,505.0,2,4,492.0,7,377.0,389.0,12,300.0,7,0.0,0,298.0,1,13,6,0.34,2.33,1.42,3.45,1.1900000000000002,3.08,0.0,0.4,0.79
2014-03-22,province,qc,1929.0,33,197,1134.0,148,610.0,634.0,30,468.0,42,0.0,0,455.0,13,6,230,2.86,8.97,13.05,0.98,11.92,4.73,0.0,1.71,10.21
2013-10-05,province,bc,104.0,0,1,104.0,0,39.0,39.0,0,39.0,0,39.0,16,39.0,1,2,1,2.56,0.0,0.0,5.13,0.96,0.0,41.02,0.0,0.96
2014-06-14,nation,ca,2003.0,18,36,1938.0,41,1663.0,1668.0,60,1430.0,16,914.0,168,1053.0,10,116,54,0.95,1.12,2.12,6.98,2.7,3.6,18.38,0.9,1.8
2014-03-29,nation,ca,5000.0,144,552,4031.0,441,2943.0,2951.0,64,2667.0,242,1508.0,146,1665.0,62,49,696,3.72,9.07,10.94,1.66,13.919999999999998,2.17,9.68,2.88,11.04
2013-10-05,nation,ca,1847.0,4,2,1834.0,8,1645.0,1657.0,20,1445.0,7,890.0,299,961.0,4,68,6,0.42,0.48,0.44,4.13,0.33,1.21,33.6,0.22,0.11
2014-03-29,province,bc,238.0,15,22,238.0,29,65.0,65.0,0,65.0,8,65.0,4,65.0,1,1,37,1.54,12.31,12.18,1.54,15.54,0.0,6.15,6.3,9.24
2013-09-28,nation,ca,1714.0,3,0,1723.0,13,1526.0,1544.0,15,1323.0,2,826.0,263,833.0,6,51,3,0.72,0.15,0.75,3.34,0.18,0.97,31.84,0.18,0.0
2013-09-28,province,qc,391.0,1,0,444.0,3,377.0,391.0,9,244.0,1,0.0,0,137.0,0,8,1,0.0,0.41,0.68,2.12,0.26,2.3,0.0,0.26,0.0
2014-06-14,province,on,749.0,3,9,740.0,17,598.0,598.0,9,569.0,4,289.0,37,186.0,4,33,12,2.15,0.7,2.3,5.52,1.6,1.51,12.8,0.4,1.2
2014-06-14,province,qc,505.0,4,4,505.0,7,420.0,425.0,26,281.0,2,0.0,0,268.0,1,21,8,0.37,0.71,1.39,5.0,1.58,6.12,0.0,0.79,0.79
2014-03-29,province,on,1747.0,50,278,1608.0,125,1328.0,1328.0,12,1299.0,95,578.0,14,378.0,17,20,328,4.5,7.31,7.77,1.51,18.77,0.9,2.42,2.86,15.91
2013-09-28,province,on,632.0,1,0,621.0,8,562.0,562.0,2,537.0,1,266.0,71,165.0,5,26,1,3.03,0.19,1.29,4.63,0.16,0.36,26.69,0.16,0.0
2014-06-21,nation,ca,1842.0,9,27,1815.0,36,1572.0,1567.0,49,1331.0,11,836.0,178,979.0,9,137,36,0.92,0.83,1.98,8.72,1.96,3.13,21.29,0.49,1.47
2014-03-29,province,qc,1862.0,22,196,1170.0,124,583.0,591.0,29,437.0,42,0.0,0,423.0,6,8,218,1.42,9.61,10.6,1.37,11.709999999999997,4.91,0.0,1.18,10.53
2013-09-28,province,bc,108.0,0,0,108.0,0,47.0,47.0,1,47.0,0,47.0,19,47.0,0,2,0,0.0,0.0,0.0,4.26,0.0,2.13,40.42,0.0,0.0
2014-06-21,province,bc,85.0,2,3,85.0,0,38.0,38.0,0,38.0,0,38.0,14,38.0,0,4,5,0.0,0.0,0.0,10.53,5.879999999999999,0.0,36.84,2.35,3.53
2013-10-05,province,qc,447.0,2,0,492.0,3,419.0,431.0,6,290.0,1,0.0,0,186.0,1,13,2,0.54,0.34,0.61,3.1,0.45000000000000007,1.39,0.0,0.45,0.0
2014-03-22,province,bc,298.0,11,20,298.0,45,65.0,65.0,2,65.0,11,65.0,13,65.0,4,0,31,6.15,16.92,15.1,0.0,10.4,3.08,20.0,3.69,6.71
2014-06-07,province,bc,97.0,4,3,97.0,1,65.0,65.0,0,65.0,0,65.0,17,65.0,1,4,7,1.54,0.0,1.03,6.15,7.21,0.0,26.15,4.12,3.09
2013-10-12,nation,ca,1934.0,5,2,1914.0,18,1704.0,1743.0,28,1524.0,5,946.0,297,1035.0,3,70,7,0.29,0.33,0.94,4.11,0.36,1.61,31.4,0.26,0.1
2013-10-19,province,qc,428.0,1,0,470.0,2,384.0,398.0,8,251.0,0,0.0,0,127.0,1,15,1,0.79,0.0,0.43,3.91,0.22999999999999998,2.01,0.0,0.23,0.0
2014-05-24,province,qc,723.0,3,29,586.0,10,425.0,431.0,20,303.0,9,0.0,0,298.0,3,21,32,1.01,2.97,1.71,4.94,4.419999999999999,4.64,0.0,0.41,4.01
2014-03-08,province,qc,2363.0,130,179,1388.0,208,723.0,730.0,22,541.0,41,0.0,0,380.0,25,11,309,6.58,7.58,14.99,1.52,13.080000000000002,3.01,0.0,5.5,7.58
2013-10-19,province,on,660.0,1,0,656.0,12,602.0,602.0,8,575.0,0,293.0,75,206.0,0,27,1,0.0,0.0,1.83,4.49,0.15,1.33,25.6,0.15,0.0
2014-05-31,nation,ca,2507.0,36,105,2464.0,73,2078.0,2100.0,52,1859.0,31,1041.0,229,1196.0,12,141,141,1.0,1.67,2.96,6.79,5.63,2.48,22.0,1.44,4.19
2014-03-15,nation,ca,5650.0,239,492,4416.0,592,3138.0,3155.0,60,2870.0,269,1631.0,136,1727.0,107,56,731,6.2,9.37,13.41,1.78,12.940000000000001,1.9,8.34,4.23,8.71
2013-10-19,province,bc,113.0,0,0,113.0,1,63.0,63.0,2,63.0,0,63.0,27,63.0,3,0,0,4.76,0.0,0.88,0.0,0.0,3.17,42.86,0.0,0.0
2014-05-31,province,bc,109.0,2,5,109.0,2,57.0,57.0,1,57.0,1,57.0,13,57.0,1,1,7,1.75,1.75,1.83,1.75,6.419999999999999,1.75,22.81,1.83,4.59
2013-10-19,nation,ca,1803.0,3,0,1780.0,16,1584.0,1598.0,28,1378.0,1,846.0,260,863.0,6,83,3,0.7,0.07,0.9,5.24,0.17,1.75,30.73,0.17,0.0
2014-05-31,province,on,888.0,20,28,951.0,13,806.0,812.0,7,763.0,11,295.0,44,165.0,0,60,48,0.0,1.44,1.37,7.44,5.4,0.86,14.92,2.25,3.15
2014-03-15,province,bc,357.0,0,35,357.0,35,67.0,67.0,1,67.0,18,67.0,10,67.0,6,0,35,8.96,26.87,9.8,0.0,9.800000000000002,1.49,14.93,0.0,9.8
2013-10-12,province,qc,454.0,0,0,494.0,3,425.0,434.0,14,290.0,0,0.0,0,207.0,0,14,0,0.0,0.0,0.61,3.29,0.0,3.23,0.0,0.0,0.0
2014-03-15,province,on,1613.0,52,159,1527.0,153,1300.0,1300.0,7,1266.0,69,547.0,9,309.0,19,11,211,6.15,5.45,10.02,0.85,13.08,0.54,1.65,3.22,9.86
2013-10-12,province,on,680.0,3,1,687.0,7,611.0,611.0,4,587.0,1,291.0,81,206.0,2,20,4,0.97,0.17,1.02,3.27,0.5900000000000001,0.65,27.83,0.44,0.15
2014-05-31,province,qc,640.0,4,21,608.0,12,453.0,466.0,18,325.0,4,0.0,0,316.0,4,28,25,1.27,1.23,1.97,6.18,3.9099999999999997,3.86,0.0,0.63,3.28
2014-03-15,province,qc,2311.0,82,246,1304.0,202,664.0,681.0,26,496.0,43,0.0,0,364.0,19,8,328,5.22,8.67,15.49,1.2,14.19,3.82,0.0,3.55,10.64
2013-10-12,province,bc,128.0,0,1,128.0,1,68.0,68.0,0,68.0,0,68.0,40,68.0,0,1,1,0.0,0.0,0.78,1.47,0.78,0.0,58.82,0.0,0.78
2014-06-07,nation,ca,2038.0,16,44,2028.0,46,1753.0,1765.0,42,1619.0,23,953.0,185,1120.0,9,112,60,0.8,1.42,2.27,6.39,2.95,2.38,19.41,0.79,2.16
2014-03-22,nation,ca,5077.0,155,465,4105.0,556,3002.0,3026.0,69,2736.0,287,1496.0,131,1669.0,88,35,620,5.27,10.49,13.54,1.17,12.21,2.28,8.76,3.05,9.16
2014-04-05,nation,ca,5462.0,115,523,4064.0,413,3009.0,3023.0,63,2713.0,214,1548.0,167,1731.0,79,64,639,4.56,7.89,10.16,2.13,11.69,2.08,10.79,2.11,9.58
2014-06-21,province,on,657.0,2,4,649.0,9,522.0,522.0,9,503.0,6,249.0,22,176.0,0,41,6,0.0,1.19,1.39,7.85,0.91,1.72,8.84,0.3,0.61
2013-10-26,nation,ca,2049.0,13,8,2011.0,22,1764.0,1780.0,44,1544.0,5,973.0,229,989.0,2,88,21,0.2,0.32,1.09,4.99,1.0199999999999998,2.47,23.54,0.63,0.39
2013-09-07,province,on,349.0,2,1,351.0,3,286.0,286.0,1,263.0,0,139.0,38,113.0,0,9,3,0.0,0.0,0.85,3.15,0.86,0.35,27.34,0.57,0.29
2014-07-12,province,on,931.0,5,3,621.0,5,510.0,482.0,9,455.0,4,217.0,47,122.0,0,32,8,0.0,0.88,0.81,6.27,0.86,1.87,21.66,0.54,0.32
2014-04-12,province,qc,1444.0,16,117,950.0,95,491.0,496.0,14,367.0,31,0.0,0,362.0,8,7,133,2.21,8.45,10.0,1.43,9.21,2.82,0.0,1.11,8.1
2013-09-14,nation,ca,1249.0,2,2,1279.0,18,1138.0,1155.0,20,945.0,2,581.0,164,674.0,0,23,4,0.0,0.21,1.41,2.02,0.32,1.73,28.23,0.16,0.16
2014-07-12,province,qc,390.0,1,1,416.0,5,350.0,361.0,11,284.0,1,0.0,0,274.0,0,17,2,0.0,0.35,1.2,4.86,0.52,3.05,0.0,0.26,0.26
2014-04-19,nation,ca,3974.0,58,560,3474.0,278,2751.0,2756.0,70,2561.0,162,1357.0,193,1481.0,64,58,618,4.32,6.33,8.0,2.11,15.55,2.54,14.22,1.46,14.09
2013-09-07,province,qc,268.0,0,0,351.0,4,298.0,305.0,4,191.0,0,0.0,0,116.0,0,9,0,0.0,0.0,1.14,3.02,0.0,1.31,0.0,0.0,0.0
2014-07-19,nation,ca,1581.0,13,6,1551.0,11,1315.0,1346.0,34,1131.0,2,679.0,129,856.0,10,68,19,1.17,0.18,0.71,5.17,1.2,2.53,19.0,0.82,0.38
2014-07-19,province,bc,154.0,3,0,154.0,0,79.0,79.0,1,79.0,0,79.0,19,79.0,0,4,3,0.0,0.0,0.0,5.06,1.95,1.27,24.05,1.95,0.0
2014-04-19,province,bc,170.0,3,30,170.0,23,71.0,71.0,2,71.0,1,71.0,19,71.0,2,3,33,2.82,1.41,13.53,4.23,19.41,2.82,26.76,1.76,17.65
2014-07-19,province,on,506.0,8,5,507.0,2,388.0,388.0,2,352.0,0,183.0,19,100.0,6,13,13,6.0,0.0,0.39,3.35,2.5700000000000003,0.52,10.38,1.58,0.99
2014-06-21,province,qc,406.0,0,2,454.0,7,385.0,379.0,15,245.0,2,0.0,0,241.0,1,23,2,0.41,0.82,1.54,5.97,0.49,3.96,0.0,0.0,0.49
2014-07-19,province,qc,419.0,1,0,456.0,0,404.0,423.0,12,298.0,2,0.0,0,289.0,2,15,1,0.69,0.67,0.0,3.71,0.24,2.84,0.0,0.24,0.0
2014-07-26,nation,ca,1239.0,6,1,1209.0,13,1044.0,1030.0,21,861.0,2,613.0,105,623.0,4,60,7,0.64,0.23,1.08,5.75,0.5599999999999999,2.04,17.13,0.48,0.08
2014-04-19,province,on,1601.0,16,328,1549.0,68,1359.0,1359.0,8,1336.0,71,540.0,35,358.0,16,28,344,4.47,5.31,4.39,2.06,21.489999999999995,0.59,6.48,1.0,20.49
2013-09-07,province,bc,40.0,0,0,40.0,0,29.0,29.0,0,29.0,0,29.0,8,29.0,0,2,0,0.0,0.0,0.0,6.9,0.0,0.0,27.59,0.0,0.0
2014-07-26,province,bc,59.0,0,0,59.0,1,33.0,33.0,1,33.0,0,33.0,7,33.0,1,2,0,3.03,0.0,1.69,6.06,0.0,3.03,21.21,0.0,0.0
2014-07-26,province,on,506.0,4,0,496.0,7,397.0,361.0,5,340.0,2,187.0,17,123.0,0,29,4,0.0,0.59,1.41,7.3,0.79,1.39,9.09,0.79,0.0
2014-04-19,province,qc,1257.0,9,117,901.0,59,513.0,518.0,21,368.0,29,0.0,0,359.0,0,6,126,0.0,7.88,6.55,1.17,10.03,4.05,0.0,0.72,9.31
2013-09-07,nation,ca,1044.0,2,1,1084.0,9,950.0,957.0,15,784.0,2,489.0,122,552.0,0,28,3,0.0,0.26,0.83,2.95,0.29000000000000004,1.57,24.95,0.19,0.1
2014-07-26,province,qc,229.0,1,1,246.0,1,201.0,219.0,3,104.0,0,0.0,0,96.0,0,3,2,0.0,0.0,0.41,1.49,0.88,1.37,0.0,0.44,0.44
2014-07-12,province,bc,92.0,2,0,92.0,0,72.0,72.0,0,72.0,0,72.0,16,72.0,0,8,2,0.0,0.0,0.0,11.11,2.17,0.0,22.22,2.17,0.0
2013-09-14,province,bc,49.0,0,0,49.0,0,35.0,35.0,0,35.0,0,35.0,5,35.0,0,1,0,0.0,0.0,0.0,2.86,0.0,0.0,14.29,0.0,0.0
2014-04-12,province,on,1910.0,36,401,1754.0,76,1466.0,1471.0,13,1447.0,72,586.0,35,423.0,23,24,437,5.44,4.98,4.33,1.64,22.869999999999997,0.88,5.97,1.88,20.99
2014-07-12,nation,ca,1907.0,11,4,1579.0,17,1384.0,1371.0,38,1222.0,5,706.0,164,864.0,2,108,15,0.23,0.41,1.08,7.8,0.7899999999999999,2.77,23.23,0.58,0.21
2014-04-05,province,bc,245.0,3,26,245.0,39,72.0,72.0,1,72.0,7,72.0,11,72.0,9,2,29,12.5,9.72,15.92,2.78,11.83,1.39,15.28,1.22,10.61
2013-09-21,province,qc,412.0,1,0,469.0,3,404.0,413.0,7,262.0,1,0.0,0,154.0,0,4,1,0.0,0.38,0.64,0.99,0.24,1.69,0.0,0.24,0.0
2014-06-28,nation,ca,1767.0,15,15,1741.0,17,1537.0,1543.0,34,1366.0,8,852.0,186,983.0,7,131,30,0.71,0.59,0.98,8.52,1.7000000000000002,2.2,21.83,0.85,0.85
2014-04-05,province,on,1754.0,51,300,1616.0,96,1333.0,1333.0,11,1276.0,71,569.0,26,361.0,25,30,351,6.93,5.56,5.94,2.25,20.01,0.83,4.57,2.91,17.1
2013-09-21,province,on,442.0,0,0,438.0,1,438.0,438.0,4,418.0,0,209.0,60,186.0,1,16,0,0.54,0.0,0.23,3.65,0.0,0.91,28.71,0.0,0.0
2014-06-28,province,bc,61.0,3,5,61.0,3,41.0,41.0,0,41.0,1,41.0,8,41.0,0,5,8,0.0,2.44,4.92,12.2,13.119999999999997,0.0,19.51,4.92,8.2
2014-04-05,province,qc,1743.0,21,138,1149.0,117,610.0,624.0,23,446.0,34,0.0,0,438.0,7,11,159,1.6,7.62,10.18,1.8,9.12,3.69,0.0,1.2,7.92
2013-09-21,province,bc,91.0,0,0,91.0,1,47.0,47.0,1,47.0,0,47.0,14,47.0,0,1,0,0.0,0.0,1.1,2.13,0.0,2.13,29.79,0.0,0.0
2014-06-28,province,on,671.0,4,2,673.0,3,546.0,546.0,6,519.0,3,250.0,36,162.0,0,45,6,0.0,0.58,0.45,8.24,0.8999999999999999,1.1,14.4,0.6,0.3
2014-06-28,province,qc,387.0,1,1,407.0,5,352.0,357.0,11,245.0,0,0.0,0,237.0,2,17,2,0.84,0.0,1.23,4.83,0.52,3.08,0.0,0.26,0.26
2014-04-12,nation,ca,4830.0,92,646,4042.0,383,3078.0,3088.0,57,2827.0,192,1619.0,175,1749.0,98,58,738,5.6,6.79,9.48,1.88,15.269999999999998,1.85,10.81,1.9,13.37
2013-09-21,nation,ca,1495.0,3,0,1507.0,6,1398.0,1422.0,17,1179.0,2,738.0,231,831.0,2,40,3,0.24,0.17,0.4,2.86,0.2,1.2,31.3,0.2,0.0
2014-07-05,nation,ca,1569.0,10,11,1530.0,17,1287.0,1305.0,39,1093.0,1,675.0,139,842.0,4,89,21,0.48,0.09,1.11,6.92,1.34,2.99,20.59,0.64,0.7
2014-07-05,province,bc,73.0,4,2,73.0,2,33.0,33.0,0,33.0,0,33.0,9,33.0,0,4,6,0.0,0.0,2.74,12.12,8.22,0.0,27.27,5.48,2.74
2014-04-12,province,bc,231.0,8,36,231.0,29,61.0,61.0,0,61.0,5,61.0,16,61.0,4,3,44,6.56,8.2,12.55,4.92,19.04,0.0,26.23,3.46,15.58
2013-09-14,province,qc,366.0,2,0,435.0,9,370.0,387.0,9,237.0,1,0.0,0,149.0,0,6,2,0.0,0.42,2.07,1.62,0.55,2.33,0.0,0.55,0.0
2014-07-05,province,on,529.0,3,2,510.0,4,382.0,382.0,11,341.0,0,197.0,18,113.0,0,18,5,0.0,0.0,0.78,4.71,0.95,2.88,9.14,0.57,0.38
2013-09-14,province,on,365.0,0,1,361.0,7,304.0,304.0,2,279.0,0,129.0,25,103.0,0,3,1,0.0,0.0,1.94,0.99,0.27,0.66,19.38,0.0,0.27
2014-07-05,province,qc,434.0,0,0,455.0,4,396.0,406.0,12,278.0,0,0.0,0,270.0,1,20,0,0.37,0.0,0.88,5.05,0.0,2.96,0.0,0.0,0.0
2014-03-08,province,on,1759.0,81,128,1686.0,182,1485.0,1485.0,19,1457.0,84,583.0,20,351.0,46,15,209,13.11,5.77,10.79,1.01,11.88,1.28,3.43,4.6,7.28
2014-03-08,province,bc,347.0,26,26,347.0,40,60.0,60.0,2,60.0,11,60.0,8,60.0,5,1,52,8.33,18.33,11.53,1.67,14.980000000000002,3.33,13.33,7.49,7.49
2014-04-26,nation,ca,4328.0,73,507,3654.0,254,2911.0,2916.0,54,2638.0,131,1520.0,226,1645.0,55,97,580,3.34,4.97,6.95,3.33,13.4,1.85,14.87,1.69,11.71
2013-12-07,nation,ca,3369.0,197,14,2934.0,174,2351.0,2366.0,41,2084.0,34,1682.0,158,1211.0,11,139,211,0.91,1.63,5.93,5.91,6.2700000000000005,1.73,9.39,5.85,0.42
2013-12-14,nation,ca,3751.0,356,26,3325.0,258,2668.0,2684.0,46,2402.0,42,1313.0,131,1371.0,21,151,382,1.53,1.75,7.76,5.66,10.179999999999998,1.71,9.98,9.49,0.69
2014-05-03,province,bc,179.0,1,14,179.0,13,67.0,67.0,0,67.0,12,67.0,11,67.0,1,3,15,1.49,17.91,7.26,4.48,8.38,0.0,16.42,0.56,7.82
2014-01-18,province,qc,2655.0,548,71,1432.0,174,532.0,544.0,8,431.0,8,0.0,0,399.0,10,8,619,2.51,1.86,12.15,1.5,23.31,1.47,0.0,20.64,2.67
2013-12-07,province,qc,1061.0,23,12,775.0,68,481.0,493.0,20,327.0,3,0.0,0,214.0,2,21,35,0.93,0.92,8.77,4.37,3.3000000000000003,4.06,0.0,2.17,1.13
2014-01-25,nation,ca,10933.0,2401,168,7721.0,665,5250.0,5275.0,60,4824.0,197,3135.0,136,2858.0,169,121,2569,5.91,4.08,8.61,2.3,23.5,1.14,4.34,21.96,1.54
2013-12-07,province,on,1199.0,81,0,1139.0,78,954.0,954.0,3,923.0,11,325.0,33,202.0,4,37,81,1.98,1.19,6.85,3.88,6.76,0.31,10.15,6.76,0.0
2014-01-25,province,bc,1042.0,165,5,1042.0,44,76.0,76.0,2,76.0,6,76.0,9,76.0,11,1,170,14.47,7.89,4.22,1.32,16.31,2.63,11.84,15.83,0.48
2013-12-07,province,bc,162.0,16,0,162.0,7,65.0,65.0,0,65.0,1,65.0,13,65.0,0,6,16,0.0,1.54,4.32,9.23,9.88,0.0,20.0,9.88,0.0
2014-01-25,province,on,2760.0,520,12,2581.0,260,2286.0,2286.0,10,2080.0,39,1005.0,23,487.0,52,41,532,10.68,1.87,10.07,1.79,19.270000000000003,0.44,2.29,18.84,0.43
2014-05-03,province,on,1266.0,17,208,1144.0,36,1144.0,1144.0,16,1108.0,28,474.0,41,296.0,9,32,225,3.04,2.53,3.15,2.8,17.770000000000003,1.4,8.65,1.34,16.43
2013-11-23,province,qc,823.0,3,3,668.0,31,451.0,464.0,15,307.0,6,0.0,0,199.0,2,21,6,1.01,1.95,4.64,4.66,0.7200000000000001,3.23,0.0,0.36,0.36
2014-01-25,province,qc,3578.0,702,110,1838.0,236,733.0,752.0,17,582.0,12,0.0,0,281.0,6,13,812,2.14,2.06,12.84,1.77,22.69,2.26,0.0,19.62,3.07
2013-11-30,province,qc,938.0,15,10,709.0,47,483.0,493.0,26,313.0,5,0.0,0,184.0,3,16,25,1.63,1.6,6.63,3.31,2.67,5.27,0.0,1.6,1.07
2014-02-01,nation,ca,10019.0,1957,208,7037.0,714,4880.0,4896.0,70,4408.0,215,2635.0,132,2393.0,201,93,2165,8.4,4.88,10.15,1.91,21.610000000000003,1.43,5.01,19.53,2.08
2013-11-30,province,on,1098.0,37,0,1038.0,45,927.0,927.0,12,897.0,5,313.0,25,199.0,2,24,37,1.01,0.56,4.34,2.59,3.37,1.29,7.99,3.37,0.0
2014-05-03,province,qc,1279.0,7,88,894.0,48,548.0,563.0,28,409.0,21,0.0,0,397.0,7,19,95,1.76,5.13,5.37,3.47,7.429999999999999,4.97,0.0,0.55,6.88
2014-02-01,province,bc,649.0,129,7,649.0,54,62.0,62.0,0,62.0,7,62.0,6,62.0,10,1,136,16.13,11.29,8.32,1.61,20.959999999999997,0.0,9.68,19.88,1.08
2013-11-30,province,bc,147.0,6,0,147.0,4,61.0,61.0,4,61.0,4,61.0,12,61.0,0,3,6,0.0,6.56,2.72,4.92,4.08,6.56,19.67,4.08,0.0
2014-02-01,province,on,2814.0,474,24,2542.0,251,2288.0,2288.0,14,2215.0,45,862.0,24,454.0,59,33,498,13.0,2.03,9.87,1.44,17.689999999999998,0.61,2.78,16.84,0.85
2013-11-30,nation,ca,3090.0,101,12,2683.0,108,2253.0,2264.0,65,1970.0,27,1081.0,141,1109.0,10,102,113,0.9,1.37,4.03,4.53,3.66,2.87,13.04,3.27,0.39
2014-01-18,province,on,3503.0,900,19,3214.0,257,2925.0,2925.0,13,2690.0,42,1153.0,30,532.0,47,47,919,8.83,1.56,8.0,1.61,26.229999999999997,0.44,2.6,25.69,0.54
2013-12-14,province,bc,188.0,42,2,188.0,9,79.0,79.0,1,79.0,3,79.0,15,79.0,1,3,44,1.27,3.8,4.79,3.8,23.4,1.27,18.99,22.34,1.06
2014-01-18,province,bc,1062.0,306,13,1062.0,48,58.0,58.0,0,58.0,6,58.0,10,58.0,5,3,319,8.62,10.34,4.52,5.17,30.02999999999999,0.0,17.24,28.81,1.22
2013-12-14,province,on,1374.0,154,7,1357.0,114,1170.0,1170.0,12,1147.0,16,453.0,24,302.0,6,37,161,1.99,1.39,8.4,3.16,11.72,1.03,5.3,11.21,0.51
2014-01-04,nation,ca,8421.0,2301,81,6618.0,549,5151.0,5154.0,53,4819.0,165,3328.0,160,3239.0,127,166,2381,3.92,3.42,8.3,3.22,28.280000000000005,1.03,4.81,27.32,0.96
2013-12-28,province,qc,1490.0,181,28,967.0,127,570.0,580.0,21,414.0,7,0.0,0,291.0,1,21,209,0.34,1.69,13.13,3.68,14.030000000000001,3.62,0.0,12.15,1.88
2014-01-04,province,bc,536.0,214,4,536.0,10,68.0,68.0,2,68.0,11,68.0,6,68.0,4,2,218,5.88,16.18,1.87,2.94,40.68,2.94,8.82,39.93,0.75
2013-12-28,province,on,1700.0,407,5,1522.0,147,1328.0,1328.0,12,1314.0,18,402.0,22,241.0,6,28,412,2.49,1.37,9.66,2.11,24.23,0.9,5.47,23.94,0.29
2014-01-04,province,on,2460.0,704,9,2174.0,224,1896.0,1896.0,11,1870.0,30,757.0,28,490.0,18,32,713,3.67,1.6,10.3,1.69,28.99,0.58,3.7,28.62,0.37
2013-12-28,province,bc,246.0,87,3,246.0,6,52.0,52.0,1,52.0,4,52.0,12,52.0,2,0,90,3.85,7.69,2.44,0.0,36.589999999999996,1.92,23.08,35.37,1.22
2014-01-04,province,qc,2594.0,436,66,1334.0,196,620.0,622.0,14,452.0,9,0.0,0,302.0,6,13,502,1.99,1.99,14.69,2.1,19.349999999999998,2.25,0.0,16.81,2.54
2013-12-28,nation,ca,5083.0,1163,38,4272.0,363,3471.0,3482.0,104,3215.0,70,1906.0,137,1973.0,47,108,1201,2.38,2.18,8.5,3.11,23.63,2.99,7.19,22.88,0.75
2014-01-11,nation,ca,12834.0,3470,144,9686.0,649,7384.0,7397.0,64,6770.0,200,4853.0,188,4531.0,173,199,3614,3.82,2.95,6.7,2.7,28.159999999999997,0.87,3.87,27.04,1.12
2013-12-21,province,qc,1186.0,82,23,777.0,98,364.0,385.0,16,186.0,0,0.0,0,148.0,0,21,105,0.0,0.0,12.61,5.77,8.849999999999998,4.16,0.0,6.91,1.94
2013-12-21,province,on,1630.0,263,3,1411.0,127,1194.0,1194.0,11,1171.0,8,309.0,21,181.0,2,28,266,1.1,0.68,9.0,2.35,16.31,0.92,6.8,16.13,0.18
2014-01-11,province,bc,1068.0,417,4,1068.0,45,67.0,67.0,0,67.0,3,67.0,8,67.0,9,1,421,13.43,4.48,4.21,1.49,39.41,0.0,11.94,39.04,0.37
2013-12-21,province,bc,188.0,42,2,188.0,9,63.0,63.0,1,63.0,3,63.0,15,63.0,1,3,44,1.59,4.76,4.79,4.76,23.4,1.59,23.81,22.34,1.06
2014-01-11,province,on,3401.0,942,18,2970.0,298,2577.0,2577.0,8,2483.0,37,913.0,28,471.0,23,52,960,4.88,1.49,10.03,2.02,28.23,0.31,3.07,27.7,0.53
2013-12-21,nation,ca,4345.0,679,33,3624.0,306,2853.0,2874.0,42,2575.0,42,1539.0,122,1513.0,35,116,712,2.31,1.63,8.44,4.07,16.39,1.46,7.93,15.63,0.76
2014-05-03,nation,ca,3899.0,33,407,3238.0,222,2717.0,2733.0,76,2465.0,99,1437.0,202,1597.0,50,95,440,3.13,4.02,6.86,3.5,11.29,2.78,14.06,0.85,10.44
2014-01-11,province,qc,3536.0,607,91,1717.0,172,774.0,786.0,16,607.0,13,0.0,0,416.0,8,12,698,1.92,2.14,10.02,1.55,19.74,2.04,0.0,17.17,2.57
2013-12-14,province,qc,1263.0,42,14,927.0,101,578.0,594.0,13,404.0,4,0.0,0,252.0,5,20,56,1.98,0.99,10.9,3.46,4.44,2.19,0.0,3.33,1.11
2014-01-18,nation,ca,11441.0,2966,143,8643.0,590,6359.0,6371.0,49,5834.0,183,3921.0,161,3557.0,195,186,3109,5.48,3.14,6.83,2.92,27.170000000000005,0.77,4.11,25.92,1.25
2014-02-01,province,qc,3694.0,707,139,1872.0,275,651.0,667.0,23,430.0,13,0.0,0,241.0,11,6,846,4.56,3.02,14.69,0.92,22.900000000000002,3.45,0.0,19.14,3.76
2014-05-10,nation,ca,3658.0,32,364,3196.0,165,2570.0,2585.0,61,2342.0,77,1397.0,215,1528.0,32,110,396,2.09,3.29,5.16,4.28,10.819999999999999,2.36,15.39,0.87,9.95
2014-05-24,province,on,933.0,25,59,887.0,25,760.0,760.0,12,725.0,16,317.0,45,201.0,5,46,84,2.49,2.21,2.82,6.05,9.000000000000002,1.58,14.2,2.68,6.32
2014-05-17,province,qc,861.0,6,35,664.0,27,474.0,488.0,15,352.0,12,0.0,0,343.0,2,13,41,0.58,3.41,4.07,2.74,4.7700000000000005,3.07,0.0,0.7,4.07
2014-02-22,province,bc,405.0,50,13,405.0,32,66.0,66.0,0,66.0,8,66.0,10,66.0,11,0,63,16.67,12.12,7.9,0.0,15.559999999999999,0.0,15.15,12.35,3.21
2013-11-09,nation,ca,2619.0,36,6,2449.0,30,2109.0,2121.0,50,1847.0,8,1161.0,231,1274.0,1,100,42,0.08,0.43,1.22,4.74,1.6,2.36,19.9,1.37,0.23
2014-02-22,province,on,1797.0,98,79,1666.0,219,1444.0,1444.0,7,1411.0,59,617.0,32,357.0,41,17,177,11.48,4.18,13.15,1.18,9.85,0.48,5.19,5.45,4.4
2013-11-02,province,qc,638.0,2,1,619.0,17,464.0,471.0,13,324.0,1,0.0,0,199.0,0,15,3,0.0,0.31,2.75,3.23,0.47000000000000003,2.76,0.0,0.31,0.16
2014-05-17,province,on,1273.0,20,121,1225.0,27,1013.0,1013.0,10,978.0,27,443.0,55,300.0,13,56,141,4.33,2.76,2.2,5.53,11.080000000000002,0.99,12.42,1.57,9.51
2014-02-22,province,qc,2888.0,323,178,1630.0,267,795.0,804.0,13,563.0,22,0.0,0,544.0,14,6,501,2.57,3.91,16.38,0.75,17.34,1.62,0.0,11.18,6.16
2013-11-02,province,on,998.0,14,0,991.0,13,886.0,886.0,16,866.0,5,332.0,54,248.0,4,33,14,1.61,0.58,1.31,3.72,1.4,1.81,16.27,1.4,0.0
2014-03-01,nation,ca,6518.0,527,315,4863.0,644,3564.0,3580.0,68,3242.0,253,1815.0,149,1708.0,130,69,842,7.61,7.8,13.24,1.94,12.920000000000002,1.9,8.21,8.09,4.83
2013-11-02,province,bc,157.0,2,0,157.0,0,66.0,66.0,1,66.0,0,66.0,17,66.0,0,8,2,0.0,0.0,0.0,12.12,1.27,1.52,25.76,1.27,0.0
2014-03-01,province,bc,355.0,42,18,355.0,27,70.0,70.0,2,70.0,9,70.0,6,70.0,4,0,60,5.71,12.86,7.61,0.0,16.9,2.86,8.57,11.83,5.07
2014-02-08,nation,ca,9091.0,1534,230,6762.0,754,4802.0,4817.0,76,4372.0,230,2205.0,143,2444.0,150,93,1764,6.14,5.26,11.15,1.94,19.400000000000002,1.58,6.49,16.87,2.53
2013-11-02,nation,ca,2534.0,25,4,2467.0,34,2109.0,2116.0,46,1907.0,16,1068.0,226,1141.0,6,124,29,0.53,0.84,1.38,5.88,1.15,2.17,21.16,0.99,0.16
2014-05-24,nation,ca,2615.0,38,165,2363.0,104,2020.0,2027.0,49,1790.0,38,1084.0,229,1235.0,23,118,203,1.86,2.12,4.4,5.84,7.759999999999997,2.42,21.13,1.45,6.31
2014-03-01,province,on,1901.0,104,94,1888.0,252,1653.0,1653.0,24,1579.0,67,579.0,20,325.0,40,29,198,12.31,4.24,13.35,1.75,10.41,1.45,3.45,5.47,4.94
2013-10-26,province,qc,460.0,2,0,492.0,10,382.0,397.0,20,246.0,0,0.0,0,142.0,0,11,2,0.0,0.0,2.03,2.88,0.43,5.04,0.0,0.43,0.0
2014-03-01,province,qc,2548.0,214,174,1257.0,222,548.0,564.0,21,405.0,24,0.0,0,186.0,23,8,388,12.37,5.93,17.66,1.46,15.230000000000002,3.72,0.0,8.4,6.83
2013-10-26,province,on,751.0,5,3,749.0,10,659.0,659.0,5,634.0,3,301.0,57,209.0,1,33,8,0.48,0.47,1.34,5.01,1.07,0.76,18.94,0.67,0.4
2014-05-24,province,bc,96.0,1,6,96.0,4,57.0,57.0,1,57.0,1,57.0,14,57.0,1,6,7,1.75,1.75,4.17,10.53,7.290000000000001,1.75,24.56,1.04,6.25
2014-03-08,nation,ca,6024.0,376,367,4722.0,639,3490.0,3497.0,60,3192.0,256,1757.0,127,1879.0,157,47,743,8.36,8.02,13.53,1.35,12.33,1.72,7.23,6.24,6.09
2013-10-26,province,bc,114.0,1,0,114.0,0,69.0,69.0,0,69.0,0,69.0,29,69.0,0,5,1,0.0,0.0,0.0,7.25,0.88,0.0,42.03,0.88,0.0
2014-05-17,province,bc,107.0,1,9,107.0,4,69.0,69.0,0,69.0,0,69.0,24,69.0,2,3,10,2.9,0.0,3.74,4.35,9.340000000000002,0.0,34.78,0.93,8.41
2013-11-09,province,bc,128.0,1,1,128.0,1,59.0,59.0,0,59.0,0,59.0,28,59.0,0,2,2,0.0,0.0,0.78,3.39,1.56,0.0,47.46,0.78,0.78
2014-02-22,nation,ca,7104.0,704,291,5259.0,692,3770.0,3780.0,45,3311.0,251,1946.0,160,2175.0,135,43,995,6.21,7.58,13.16,1.14,14.01,1.19,8.22,9.91,4.1
2014-05-17,nation,ca,3300.0,53,257,2981.0,131,2509.0,2523.0,51,2269.0,74,1376.0,258,1527.0,34,120,310,2.23,3.26,4.39,4.78,9.4,2.02,18.75,1.61,7.79
2013-11-23,province,on,1032.0,22,4,971.0,23,926.0,926.0,23,824.0,5,362.0,43,191.0,1,52,26,0.52,0.61,2.37,5.62,2.52,2.48,11.88,2.13,0.39
2014-02-08,province,bc,547.0,99,9,547.0,40,71.0,71.0,2,71.0,11,71.0,16,71.0,8,1,108,11.27,15.49,7.31,1.41,19.75,2.82,22.53,18.1,1.65
2013-11-23,province,bc,142.0,6,0,142.0,4,68.0,68.0,4,68.0,3,68.0,8,68.0,0,2,6,0.0,4.41,2.82,2.94,4.23,5.88,11.76,4.23,0.0
2014-05-10,province,bc,154.0,6,19,154.0,7,59.0,59.0,2,59.0,4,59.0,15,59.0,2,5,25,3.39,6.78,4.55,8.47,16.24,3.39,25.42,3.9,12.34
2014-02-08,province,on,2519.0,355,59,2493.0,283,2202.0,2202.0,19,2149.0,52,688.0,19,384.0,31,32,414,8.07,2.42,11.35,1.45,16.43,0.86,2.76,14.09,2.34
2013-11-23,nation,ca,2889.0,54,11,2559.0,67,2218.0,2240.0,61,1909.0,21,1153.0,164,1138.0,8,143,65,0.7,1.1,2.62,6.45,2.25,2.72,14.22,1.87,0.38
2014-02-08,province,qc,3684.0,621,130,1943.0,285,846.0,861.0,21,644.0,21,0.0,0,622.0,13,11,751,2.09,3.26,14.67,1.3,20.39,2.44,0.0,16.86,3.53
2013-11-16,province,qc,712.0,5,10,604.0,23,427.0,434.0,13,276.0,2,0.0,0,170.0,0,12,15,0.0,0.72,3.81,2.81,2.0999999999999996,3.0,0.0,0.7,1.4
2013-11-16,province,on,953.0,20,1,936.0,23,936.0,936.0,8,855.0,4,535.0,56,349.0,6,46,21,1.72,0.47,2.46,4.91,2.2,0.85,10.47,2.1,0.1
2014-05-10,province,on,1425.0,11,207,1338.0,28,1126.0,1126.0,8,1091.0,39,480.0,31,332.0,9,41,218,2.71,3.57,2.09,3.64,15.299999999999999,0.71,6.46,0.77,14.53
2014-02-15,nation,ca,7786.0,1067,244,5769.0,692,4209.0,4222.0,68,3695.0,255,2203.0,130,2262.0,138,84,1310,6.1,6.9,12.0,2.0,16.83,1.61,5.9,13.7,3.13
2013-11-16,province,bc,151.0,5,0,151.0,2,71.0,71.0,2,71.0,1,71.0,22,71.0,1,5,5,1.41,1.41,1.32,7.04,3.3099999999999996,2.82,30.99,3.31,0.0
2014-02-15,province,bc,503.0,69,12,503.0,57,62.0,62.0,0,62.0,13,62.0,7,62.0,3,0,81,4.84,20.97,11.33,0.0,16.11,0.0,11.29,13.72,2.39
2013-11-16,nation,ca,2562.0,53,11,2402.0,58,2136.0,2143.0,43,1858.0,13,1273.0,212,1233.0,17,134,64,1.38,0.7,2.41,6.27,2.5,2.01,16.65,2.07,0.43
2014-05-10,province,qc,992.0,4,48,735.0,41,467.0,482.0,21,330.0,9,0.0,0,323.0,1,16,52,0.31,2.73,5.58,3.43,5.24,4.36,0.0,0.4,4.84
2014-02-15,province,on,2108.0,228,54,2021.0,252,1774.0,1774.0,14,1724.0,63,702.0,18,405.0,44,19,282,10.86,3.65,12.47,1.07,13.38,0.79,2.56,10.82,2.56
2013-11-09,province,qc,706.0,5,1,717.0,14,549.0,561.0,14,385.0,0,0.0,0,262.0,0,8,6,0.0,0.0,1.95,1.46,0.8500000000000001,2.5,0.0,0.71,0.14
2014-02-15,province,qc,3070.0,496,151,1434.0,196,624.0,637.0,18,418.0,18,0.0,0,403.0,9,9,647,2.23,4.31,13.67,1.44,21.08,2.83,0.0,16.16,4.92
2013-11-09,province,on,912.0,14,1,817.0,10,711.0,711.0,9,670.0,2,359.0,46,248.0,1,27,15,0.4,0.3,1.22,3.8,1.6500000000000001,1.27,12.81,1.54,0.11
2014-08-02,nation,ca,1457.0,5,3,1467.0,5,1322.0,1331.0,32,1134.0,4,641.0,111,883.0,4,74,8,0.45,0.35,0.34,5.6,0.55,2.4,17.32,0.34,0.21
2014-04-26,province,qc,1292.0,12,111,928.0,41,559.0,564.0,27,438.0,26,0.0,0,381.0,4,16,123,1.05,5.94,4.42,2.86,9.520000000000001,4.79,0.0,0.93,8.59
2014-08-16,province,qc,307.0,1,0,329.0,1,295.0,311.0,10,202.0,0,0.0,0,197.0,0,6,1,0.0,0.0,0.3,2.03,0.32999999999999996,3.22,0.0,0.33,0.0
2014-08-23,province,bc,70.0,3,0,70.0,0,34.0,34.0,0,34.0,0,34.0,11,34.0,0,1,3,0.0,0.0,0.0,2.94,4.29,0.0,32.35,4.29,0.0
2014-08-23,province,ns,4.0,0,0,6.0,0,4.0,4.0,0,4.0,0,4.0,1,4.0,0,0,0,0.0,0.0,0.0,0.0,0.0,0.0,25.0,0.0,0.0
2014-08-09,province,on,394.0,0,0,401.0,2,298.0,266.0,1,237.0,0,160.0,15,91.0,0,19,0,0.0,0.0,0.5,6.38,0.0,0.38,9.37,0.0,0.0
2014-08-23,province,nl,9.0,0,2,9.0,0,9.0,9.0,0,9.0,0,,0,,0,0,2,,0.0,0.0,0.0,22.22222222222222,0.0,,0.0,22.22222222222222
2014-08-02,province,qc,458.0,0,0,474.0,0,434.0,442.0,15,345.0,0,0.0,0,338.0,2,16,0,0.59,0.0,0.0,3.69,0.0,3.39,0.0,0.0,0.0
2014-04-26,province,on,1625.0,19,274,1470.0,45,1301.0,1301.0,9,1267.0,56,561.0,45,382.0,12,38,293,3.14,4.42,3.06,2.92,18.03,0.69,8.02,1.17,16.86
2014-08-23,province,nb,6.0,0,0,8.0,0,8.0,8.0,0,0.0,0,0.0,0,0.0,0,0,0,0.0,0.0,0.0,0.0,0.0,0.0,0.0,0.0,0.0
2014-08-23,province,mb,84.0,0,0,43.0,1,47.0,47.0,3,26.0,0,47.0,11,26.0,0,2,0,0.0,0.0,2.3255813953488373,4.25531914893617,0.0,6.382978723404255,23.404255319148938,0.0,0.0
2013-08-31,province,on,416.0,1,0,428.0,2,385.0,385.0,1,364.0,3,195.0,28,171.0,0,21,1,0.0,0.82,0.47,5.45,0.24,0.26,14.36,0.24,0.0
2014-08-16,nation,ca,1273.0,8,0,1267.0,5,1088.0,1104.0,28,940.0,1,633.0,111,790.0,2,59,8,0.25,0.11,0.39,5.42,0.63,2.54,17.54,0.63,0.0
2014-04-26,province,bc,213.0,9,27,213.0,21,60.0,60.0,0,60.0,3,60.0,17,60.0,0,5,36,0.0,5.0,9.86,8.33,16.909999999999997,0.0,28.33,4.23,12.68
2014-08-23,province,ab,258.0,3,0,258.0,2,258.0,258.0,3,258.0,0,258.0,46,258.0,0,10,3,0.0,0.0,0.7751937984496124,3.875968992248062,1.1627906976744187,1.1627906976744187,17.829457364341085,1.1627906976744187,0.0
2014-08-23,nation,ca,1265.0,6,3,1284.0,7,1187.0,1198.0,19,1014.0,1,635.0,145,813.0,0,39,9,0.0,0.1,0.55,3.29,0.7099999999999999,1.59,22.83,0.47,0.24
2014-08-16,province,bc,59.0,1,0,59.0,0,39.0,39.0,0,39.0,0,39.0,2,39.0,1,2,1,2.56,0.0,0.0,5.13,1.69,0.0,5.13,1.69,0.0
2013-08-31,nation,ca,1146.0,6,1,1138.0,6,1075.0,1086.0,7,915.0,8,581.0,113,587.0,1,41,7,0.17,0.87,0.53,3.81,0.61,0.64,19.45,0.52,0.09
2014-08-09,nation,ca,1213.0,2,2,1097.0,3,930.0,906.0,25,742.0,2,546.0,89,561.0,1,51,4,0.18,0.27,0.27,5.48,0.32,2.76,16.3,0.16,0.16
2014-08-02,province,on,543.0,5,1,547.0,3,451.0,451.0,7,391.0,3,228.0,29,160.0,0,34,6,0.0,0.77,0.55,7.54,1.0999999999999999,1.55,12.72,0.92,0.18
2014-08-16,province,on,459.0,1,0,449.0,3,325.0,325.0,2,304.0,1,194.0,20,170.0,0,20,1,0.0,0.33,0.67,6.15,0.22,0.62,10.31,0.22,0.0
2013-08-31,province,qc,288.0,0,0,296.0,1,286.0,297.0,4,178.0,0,0.0,0,112.0,0,8,0,0.0,0.0,0.34,2.8,0.0,1.35,0.0,0.0,0.0
2014-08-09,province,qc,340.0,1,1,264.0,0,226.0,234.0,8,140.0,0,1.0,0,112.0,0,8,2,0.0,0.0,0.0,3.54,0.58,3.42,0.0,0.29,0.29
2014-08-02,province,bc,35.0,0,2,35.0,0,27.0,27.0,0,27.0,0,27.0,2,27.0,0,0,2,0.0,0.0,0.0,0.0,5.71,0.0,7.41,0.0,5.71
2014-08-09,province,bc,60.0,0,0,60.0,0,33.0,33.0,0,33.0,0,33.0,1,33.0,0,1,0,0.0,0.0,0.0,3.03,0.0,0.0,3.03,0.0,0.0
2014-08-23,province,on,340.0,0,0,349.0,2,349.0,349.0,3,325.0,0,168.0,39,139.0,0,13,0,0.0,0.0,0.5730659025787965,3.7249283667621778,0.0,0.8595988538681949,23.214285714285715,0.0,0.0
2013-08-31,province,bc,49.0,0,1,49.0,1,35.0,35.0,0,35.0,0,35.0,4,35.0,1,3,1,2.86,0.0,2.04,8.57,2.04,0.0,11.43,0.0,2.04
2014-08-23,province,pe,0.0,0,0,0.0,0,0.0,0.0,0,0.0,0,0.0,0,0.0,0,0,0,0.0,0.0,0.0,0.0,0.0,0.0,0.0,0.0,0.0
2014-08-23,province,qc,370.0,0,1,417.0,2,354.0,365.0,8,234.0,1,0.0,0,228.0,0,10,1,0.0,0.4273504273504274,0.4796163069544364,2.824858757062147,0.2702702702702703,2.191780821917808,0.0,0.0,0.2702702702702703
2014-08-16,province,ns,8.0,0,0,8.0,0,8.0,8.0,0,8.0,0,8.0,1,8.0,0,2,0,0.0,0.0,0.0,25.0,0.0,0.0,12.5,0.0,0.0
2014-08-16,province,nl,11.0,1,0,11.0,0,11.0,11.0,0,11.0,0,,0,,0,0,1,,0.0,0.0,0.0,9.090909090909092,0.0,,9.090909090909092,0.0
2014-08-16,province,nb,9.0,0,0,18.0,0,18.0,18.0,1,0.0,0,0.0,0,0.0,0,0,0,0.0,0.0,0.0,0.0,0.0,5.555555555555555,0.0,0.0,0.0
2014-08-16,province,mb,62.0,0,0,35.0,1,34.0,34.0,1,18.0,0,34.0,5,18.0,0,1,0,0.0,0.0,2.857142857142857,2.941176470588235,0.0,2.941176470588235,14.705882352941178,0.0,0.0
2014-08-16,province,ab,236.0,3,0,236.0,0,236.0,236.0,9,236.0,0,236.0,40,236.0,0,13,3,0.0,0.0,0.0,5.508474576271186,1.2711864406779663,3.8135593220338984,16.94915254237288,1.2711864406779663,0.0
2014-08-16,province,pe,0.0,0,0,0.0,0,0.0,0.0,0,0.0,0,0.0,0,0.0,0,0,0,0.0,0.0,0.0,0.0,0.0,0.0,0.0,0.0,0.0
2014-08-16,province,sk,102.0,1,0,102.0,0,102.0,102.0,2,102.0,0,102.0,20,102.0,0,8,1,0.0,0.0,0.0,7.8431372549019605,0.9803921568627451,1.9607843137254901,19.607843137254903,0.9803921568627451,0.0
2014-08-09,province,pe,0.0,0,0,0.0,0,0.0,0.0,0,0.0,0,0.0,0,0.0,0,0,0,0.0,0.0,0.0,0.0,0.0,0.0,0.0,0.0,0.0
2014-08-09,province,ab,200.0,0,1,200.0,0,200.0,200.0,6,200.0,0,200.0,34,200.0,0,9,1,0.0,0.0,0.0,4.5,0.5,3.0,17.0,0.0,0.5
2014-08-09,province,ns,6.0,0,0,6.0,0,6.0,6.0,0,6.0,0,6.0,0,6.0,0,1,0,0.0,0.0,0.0,16.666666666666664,0.0,0.0,0.0,0.0,0.0
2014-08-09,province,nb,15.0,0,0,14.0,0,14.0,14.0,2,0.0,0,0.0,0,0.0,0,0,0,0.0,0.0,0.0,0.0,0.0,14.285714285714285,0.0,0.0,0.0
2014-08-09,province,mb,0.0,0,0,0.0,0,0.0,0.0,0,0.0,0,0.0,0,0.0,0,0,0,0.0,0.0,0.0,0.0,0.0,0.0,0.0,0.0,0.0
2014-08-09,province,nl,7.0,0,0,7.0,0,7.0,7.0,0,7.0,0,,0,,0,0,0,,0.0,0.0,0.0,0.0,0.0,,0.0,0.0
2014-08-09,province,sk,86.0,1,0,86.0,1,86.0,86.0,4,86.0,0,86.0,23,86.0,0,8,1,0.0,0.0,1.1627906976744187,9.30232558139535,1.1627906976744187,4.651162790697675,26.744186046511626,1.1627906976744187,0.0
2014-08-02,province,sk,84.0,0,0,84.0,0,84.0,84.0,2,84.0,0,84.0,27,84.0,0,5,0,0.0,0.0,0.0,5.952380952380952,0.0,2.380952380952381,32.142857142857146,0.0,0.0
2014-08-02,province,ns,8.0,0,0,9.0,0,8.0,8.0,0,8.0,0,8.0,1,8.0,0,1,0,0.0,0.0,0.0,12.5,0.0,0.0,12.5,0.0,0.0
2014-08-02,province,ab,237.0,0,0,237.0,1,237.0,237.0,7,237.0,0,237.0,27,237.0,2,8,0,0.8438818565400843,0.0,0.42194092827004215,3.375527426160337,0.0,2.9535864978902953,11.39240506329114,0.0,0.0
2014-08-02,province,nl,12.0,0,0,12.0,1,12.0,12.0,0,12.0,1,,0,,0,1,0,,8.333333333333332,8.333333333333332,8.333333333333332,0.0,0.0,,0.0,0.0
2014-08-02,province,pe,1.0,0,0,2.0,0,0.0,0.0,0,1.0,0,1.0,1,0.0,0,0,0,0.0,0.0,0.0,0.0,0.0,0.0,100.0,0.0,0.0
2014-08-02,province,nb,30.0,0,0,14.0,0,13.0,14.0,0,0.0,0,0.0,0,0.0,0,1,0,0.0,0.0,0.0,7.6923076923076925,0.0,0.0,0.0,0.0,0.0
2014-08-02,province,mb,48.0,0,0,52.0,0,55.0,55.0,1,28.0,0,55.0,3,28.0,0,2,0,0.0,0.0,0.0,3.6363636363636362,0.0,1.8181818181818181,5.454545454545454,0.0,0.0
2014-07-26,province,ab,215.0,1,0,215.0,0,215.0,215.0,4,215.0,0,215.0,27,215.0,0,6,1,0.0,0.0,0.0,2.7906976744186047,0.46511627906976744,1.8604651162790697,12.558139534883722,0.46511627906976744,0.0
2014-07-26,province,ns,14.0,0,0,13.0,0,12.0,12.0,0,12.0,0,12.0,1,12.0,1,2,0,8.333333333333332,0.0,0.0,16.666666666666664,0.0,0.0,8.333333333333332,0.0,0.0
2014-07-26,province,nl,13.0,0,0,13.0,0,13.0,13.0,0,13.0,0,,0,,0,2,0,,0.0,0.0,15.384615384615385,0.0,0.0,,0.0,0.0
2014-07-26,province,nb,15.0,0,0,8.0,0,7.0,11.0,0,0.0,0,0.0,0,0.0,0,0,0,0.0,0.0,0.0,0.0,0.0,0.0,0.0,0.0,0.0
2014-07-26,province,mb,64.0,0,0,35.0,1,42.0,42.0,4,20.0,0,42.0,6,20.0,0,5,0,0.0,0.0,2.857142857142857,11.904761904761903,0.0,9.523809523809524,14.285714285714285,0.0,0.0
2014-07-26,province,sk,121.0,0,0,121.0,2,121.0,121.0,2,121.0,0,121.0,30,121.0,2,6,0,1.6528925619834711,0.0,1.6528925619834711,4.958677685950414,0.0,1.6528925619834711,24.793388429752067,0.0,0.0
2014-07-26,province,pe,1.0,0,0,1.0,0,1.0,1.0,0,1.0,0,1.0,0,1.0,0,0,0,0.0,0.0,0.0,0.0,0.0,0.0,0.0,0.0,0.0
2014-07-19,province,mb,105.0,0,0,50.0,1,60.0,60.0,2,31.0,0,60.0,8,31.0,0,5,0,0.0,0.0,2.0,8.333333333333332,0.0,3.3333333333333335,13.333333333333334,0.0,0.0
2014-07-19,province,nb,26.0,0,1,13.0,0,13.0,25.0,2,0.0,0,0.0,0,0.0,0,0,1,0.0,0.0,0.0,0.0,3.8461538461538463,8.0,0.0,0.0,3.8461538461538463
2014-07-19,province,nl,14.0,0,0,14.0,2,14.0,14.0,0,14.0,0,,0,,0,1,0,,0.0,14.285714285714285,7.142857142857142,0.0,0.0,,0.0,0.0
2014-07-19,province,ab,236.0,1,0,236.0,6,236.0,236.0,8,236.0,0,236.0,37,236.0,0,13,1,0.0,0.0,2.5423728813559325,5.508474576271186,0.423728813559322,3.389830508474576,15.677966101694915,0.423728813559322,0.0
2014-07-19,province,pe,1.0,0,0,1.0,0,1.0,1.0,0,1.0,0,1.0,0,1.0,0,0,0,0.0,0.0,0.0,0.0,0.0,0.0,0.0,0.0,0.0
2014-07-19,province,sk,108.0,0,0,108.0,0,108.0,108.0,3,108.0,0,108.0,32,108.0,2,14,0,1.8518518518518516,0.0,0.0,12.962962962962962,0.0,2.7777777777777777,29.629629629629626,0.0,0.0
2014-07-19,province,ns,9.0,0,0,9.0,0,9.0,9.0,1,9.0,0,9.0,2,9.0,0,0,0,0.0,0.0,0.0,0.0,0.0,11.11111111111111,22.22222222222222,0.0,0.0
2014-07-12,province,sk,112.0,0,0,112.0,1,112.0,112.0,11,112.0,0,112.0,28,112.0,0,12,0,0.0,0.0,0.8928571428571428,10.714285714285714,0.0,9.821428571428571,25.0,0.0,0.0
2014-07-12,province,ab,242.0,1,0,242.0,2,242.0,242.0,1,242.0,0,242.0,53,242.0,2,27,1,0.8264462809917356,0.0,0.8264462809917356,11.15702479338843,0.4132231404958678,0.4132231404958678,21.90082644628099,0.4132231404958678,0.0
2014-07-12,province,ns,14.0,0,0,15.0,3,14.0,14.0,0,14.0,0,14.0,4,14.0,0,0,0,0.0,0.0,20.0,0.0,0.0,0.0,28.57142857142857,0.0,0.0
2014-07-12,province,nl,17.0,2,0,17.0,0,0.0,0.0,0,17.0,0,,0,,0,17,2,,0.0,0.0,0.0,11.76470588235294,0.0,,11.76470588235294,0.0
2014-07-12,province,mb,0.0,0,0,0.0,0,0.0,0.0,0,0.0,0,0.0,0,0.0,0,0,0,0.0,0.0,0.0,0.0,0.0,0.0,0.0,0.0,0.0
2014-07-12,province,nb,36.0,0,0,18.0,0,18.0,22.0,2,0.0,0,0.0,0,0.0,0,3,0,0.0,0.0,0.0,16.666666666666664,0.0,9.090909090909092,0.0,0.0,0.0
2014-07-12,province,pe,0.0,0,0,0.0,0,0.0,0.0,0,0.0,0,0.0,0,0.0,0,0,0,0.0,0.0,0.0,0.0,0.0,0.0,0.0,0.0,0.0
2014-07-05,province,ns,14.0,0,0,17.0,1,8.0,8.0,0,8.0,0,8.0,2,8.0,0,1,0,0.0,0.0,5.88235294117647,12.5,0.0,0.0,25.0,0.0,0.0
2014-07-05,province,nl,15.0,0,0,15.0,0,15.0,15.0,1,15.0,0,,0,,0,3,0,,0.0,0.0,20.0,0.0,6.666666666666667,,0.0,0.0
2014-07-05,province,mb,70.0,0,0,43.0,1,41.0,41.0,2,22.0,0,41.0,4,22.0,1,5,0,4.545454545454546,0.0,2.3255813953488373,12.195121951219512,0.0,4.878048780487805,9.75609756097561,0.0,0.0
2014-07-05,province,nb,38.0,0,3,19.0,0,16.0,24.0,0,0.0,0,0.0,0,0.0,0,0,3,0.0,0.0,0.0,0.0,7.894736842105263,0.0,0.0,0.0,7.894736842105263
2014-07-05,province,pe,4.0,0,0,6.0,0,4.0,4.0,0,4.0,0,4.0,2,4.0,0,0,0,0.0,0.0,0.0,0.0,0.0,0.0,50.0,0.0,0.0
2014-07-05,province,sk,115.0,0,1,115.0,2,115.0,115.0,6,115.0,0,115.0,28,115.0,1,9,1,0.8695652173913043,0.0,1.7391304347826086,7.82608695652174,0.8695652173913043,5.217391304347826,24.347826086956523,0.0,0.8695652173913043
2014-07-05,province,ab,269.0,3,3,269.0,2,269.0,269.0,4,269.0,1,269.0,51,269.0,1,18,6,0.37174721189591076,0.37174721189591076,0.7434944237918215,6.691449814126393,2.2304832713754648,1.486988847583643,18.95910780669145,1.1152416356877324,1.1152416356877324
2014-06-28,province,ns,22.0,0,0,22.0,1,21.0,21.0,0,21.0,0,21.0,0,21.0,0,3,0,0.0,0.0,4.545454545454546,14.285714285714285,0.0,0.0,0.0,0.0,0.0
2014-06-28,province,mb,61.0,0,0,33.0,2,35.0,35.0,0,17.0,1,35.0,5,17.0,0,3,0,0.0,5.88235294117647,6.0606060606060606,8.571428571428571,0.0,0.0,14.285714285714285,0.0,0.0
2014-06-28,province,nb,42.0,0,2,22.0,0,19.0,20.0,0,0.0,0,0.0,0,0.0,0,2,2,0.0,0.0,0.0,10.526315789473683,4.761904761904762,0.0,0.0,0.0,4.761904761904762
2014-06-28,province,sk,135.0,0,1,135.0,1,135.0,135.0,10,135.0,0,135.0,34,135.0,3,17,1,2.2222222222222223,0.0,0.7407407407407408,12.592592592592592,0.7407407407407408,7.4074074074074066,25.185185185185183,0.0,0.7407407407407408
2014-06-28,province,ab,354.0,6,4,354.0,2,354.0,354.0,6,354.0,1,354.0,77,354.0,2,27,10,0.5649717514124294,0.2824858757062147,0.5649717514124294,7.627118644067797,2.824858757062147,1.694915254237288,21.75141242937853,1.694915254237288,1.1299435028248588
2014-06-28,province,nl,18.0,1,0,18.0,0,18.0,18.0,0,18.0,0,,0,,0,2,1,,0.0,0.0,11.11111111111111,5.555555555555555,0.0,,5.555555555555555,0.0
2014-06-28,province,pe,0.0,0,0,0.0,0,0.0,0.0,0,0.0,0,0.0,0,0.0,0,0,0,0.0,0.0,0.0,0.0,0.0,0.0,0.0,0.0,0.0
2014-06-21,province,ab,333.0,5,11,333.0,3,333.0,333.0,10,333.0,2,333.0,49,333.0,4,32,16,1.2012012012012012,0.6006006006006006,0.9009009009009009,9.60960960960961,4.804804804804805,3.003003003003003,14.714714714714713,1.5015015015015014,3.303303303303303
2014-06-21,province,pe,7.0,0,0,5.0,0,4.0,4.0,0,4.0,0,4.0,0,4.0,0,0,0,0.0,0.0,0.0,0.0,0.0,0.0,0.0,0.0,0.0
2014-06-21,province,ns,22.0,0,0,21.0,2,15.0,15.0,0,15.0,0,15.0,3,15.0,0,4,0,0.0,0.0,9.523809523809524,26.666666666666668,0.0,0.0,20.0,0.0,0.0
2014-06-21,province,nl,21.0,1,0,21.0,0,21.0,21.0,1,21.0,0,,0,,0,0,1,,0.0,0.0,0.0,4.761904761904762,4.761904761904762,,4.761904761904762,0.0
2014-06-21,province,sk,145.0,0,1,145.0,8,145.0,145.0,5,145.0,1,145.0,47,145.0,1,16,1,0.6896551724137931,0.6896551724137931,5.517241379310345,11.03448275862069,0.6896551724137931,3.4482758620689653,32.41379310344827,0.0,0.6896551724137931
2014-06-21,province,nb,84.0,0,6,57.0,0,57.0,58.0,0,0.0,0,0.0,0,0.0,0,0,6,0.0,0.0,0.0,0.0,7.142857142857142,0.0,0.0,0.0,7.142857142857142
2014-06-21,province,mb,77.0,0,0,40.0,5,47.0,47.0,5,22.0,0,47.0,8,22.0,1,4,0,4.545454545454546,0.0,12.5,8.51063829787234,0.0,10.638297872340425,17.02127659574468,0.0,0.0
2014-06-14,province,pe,6.0,0,1,4.0,1,2.0,2.0,0,2.0,0,2.0,2,2.0,0,0,1,0.0,0.0,25.0,0.0,16.666666666666664,0.0,100.0,0.0,16.666666666666664
2014-06-14,province,ab,352.0,6,10,352.0,4,352.0,352.0,7,352.0,3,352.0,43,352.0,0,26,16,0.0,0.8522727272727272,1.1363636363636365,7.386363636363637,4.545454545454546,1.9886363636363635,12.215909090909092,1.7045454545454544,2.840909090909091
2014-06-14,province,nl,20.0,0,3,20.0,0,20.0,20.0,0,20.0,1,,0,,0,1,3,,5.0,0.0,5.0,15.0,0.0,,0.0,15.0
2014-06-14,province,ns,37.0,0,1,37.0,1,27.0,27.0,0,27.0,1,27.0,4,27.0,0,3,1,0.0,3.7037037037037033,2.7027027027027026,11.11111111111111,2.7027027027027026,0.0,14.814814814814813,0.0,2.7027027027027026
2014-06-14,province,sk,151.0,0,2,151.0,6,151.0,151.0,8,112.0,3,151.0,40,151.0,5,17,2,3.3112582781456954,2.6785714285714284,3.9735099337748347,11.258278145695364,1.3245033112582782,5.298013245033113,26.490066225165563,0.0,1.3245033112582782
2014-06-14,province,mb,75.0,0,2,42.0,2,40.0,40.0,2,14.0,0,40.0,4,14.0,0,2,2,0.0,0.0,4.761904761904762,5.0,2.666666666666667,5.0,10.0,0.0,2.666666666666667
2014-06-14,province,nb,21.0,0,2,0.0,0,0.0,0.0,0,0.0,0,0.0,0,0.0,0,0,2,0.0,0.0,0.0,0.0,9.523809523809524,0.0,0.0,0.0,9.523809523809524
2014-06-07,province,ab,359.0,1,9,359.0,12,359.0,359.0,12,359.0,4,359.0,69,359.0,2,23,10,0.5571030640668524,1.1142061281337048,3.3426183844011144,6.406685236768802,2.785515320334262,3.3426183844011144,19.220055710306408,0.2785515320334262,2.5069637883008355
2014-06-07,province,mb,56.0,0,5,27.0,7,28.0,28.0,0,23.0,0,28.0,6,23.0,1,1,5,4.3478260869565215,0.0,25.925925925925924,3.571428571428571,8.928571428571429,0.0,21.428571428571427,0.0,8.928571428571429
2014-06-07,province,nb,43.0,0,6,13.0,0,13.0,13.0,1,0.0,0,0.0,0,0.0,0,1,6,0.0,0.0,0.0,7.6923076923076925,13.953488372093023,7.6923076923076925,0.0,0.0,13.953488372093023
2014-06-07,province,nl,43.0,0,4,43.0,0,43.0,43.0,0,43.0,2,,0,,0,5,4,,4.651162790697675,0.0,11.627906976744185,9.30232558139535,0.0,,0.0,9.30232558139535
2014-06-07,province,ns,34.0,0,4,33.0,0,10.0,10.0,0,10.0,0,10.0,3,10.0,0,1,4,0.0,0.0,0.0,10.0,11.76470588235294,0.0,30.0,0.0,11.76470588235294
2014-06-07,province,sk,144.0,0,0,144.0,8,144.0,144.0,6,144.0,2,144.0,28,144.0,2,15,0,1.3888888888888888,1.3888888888888888,5.555555555555555,10.416666666666668,0.0,4.166666666666666,19.444444444444446,0.0,0.0
2014-06-07,province,pe,10.0,0,2,9.0,0,8.0,8.0,0,8.0,0,8.0,1,8.0,0,2,2,0.0,0.0,0.0,25.0,20.0,0.0,12.5,0.0,20.0
2014-05-31,province,pe,14.0,0,2,11.0,0,11.0,11.0,0,11.0,0,11.0,1,11.0,0,0,2,0.0,0.0,0.0,0.0,14.285714285714285,0.0,9.090909090909092,0.0,14.285714285714285
2014-05-31,province,nb,50.0,0,5,20.0,0,17.0,20.0,0,0.0,0,0.0,0,0.0,0,1,5,0.0,0.0,0.0,5.88235294117647,10.0,0.0,0.0,0.0,10.0
2014-05-31,province,ns,40.0,0,3,41.0,3,11.0,11.0,0,11.0,1,11.0,2,11.0,0,4,3,0.0,9.090909090909092,7.317073170731707,36.36363636363637,7.5,0.0,18.181818181818183,0.0,7.5
2014-05-31,province,nl,56.0,4,8,56.0,2,56.0,56.0,0,56.0,5,,0,,0,3,12,,8.928571428571429,3.571428571428571,5.357142857142857,21.428571428571427,0.0,,7.142857142857142,14.285714285714285
2014-05-31,province,mb,105.0,0,4,63.0,4,62.0,62.0,3,31.0,3,62.0,10,31.0,0,4,4,0.0,9.67741935483871,6.349206349206349,6.451612903225806,3.8095238095238098,4.838709677419355,16.129032258064516,0.0,3.8095238095238098
2014-05-31,province,sk,154.0,0,7,154.0,17,154.0,154.0,11,154.0,1,154.0,39,154.0,4,11,7,2.5974025974025974,0.6493506493506493,11.03896103896104,7.142857142857142,4.545454545454546,7.142857142857142,25.324675324675322,0.0,4.545454545454546
2014-05-31,province,ab,442.0,6,22,442.0,18,442.0,442.0,10,442.0,5,442.0,107,442.0,3,25,28,0.6787330316742082,1.1312217194570136,4.072398190045249,5.656108597285068,6.334841628959276,2.262443438914027,24.20814479638009,1.3574660633484164,4.97737556561086
2014-05-24,province,mb,95.0,2,7,52.0,8,55.0,55.0,1,24.0,2,55.0,4,24.0,1,0,9,4.166666666666666,8.333333333333332,15.384615384615385,0.0,9.473684210526317,1.8181818181818181,7.2727272727272725,2.1052631578947367,7.368421052631578
2014-05-24,province,nb,71.0,1,5,43.0,1,42.0,43.0,1,0.0,0,0.0,0,0.0,0,1,6,0.0,0.0,2.3255813953488373,2.380952380952381,8.450704225352112,2.3255813953488373,0.0,1.4084507042253522,7.042253521126761
2014-05-24,province,nl,26.0,0,4,26.0,6,26.0,26.0,0,26.0,1,,0,,0,1,4,,3.8461538461538463,23.076923076923077,3.8461538461538463,15.384615384615385,0.0,,0.0,15.384615384615385
2014-05-24,province,ns,19.0,0,1,19.0,1,5.0,5.0,0,5.0,0,5.0,0,5.0,0,1,1,0.0,0.0,5.263157894736842,20.0,5.263157894736842,0.0,0.0,0.0,5.263157894736842
2014-05-24,province,pe,6.0,0,0,8.0,1,4.0,4.0,0,4.0,0,4.0,0,4.0,0,1,0,0.0,0.0,12.5,25.0,0.0,0.0,0.0,0.0,0.0
2014-05-24,province,sk,173.0,1,7,173.0,18,173.0,173.0,6,173.0,6,173.0,48,173.0,8,13,8,4.624277456647398,3.4682080924855487,10.404624277456648,7.514450867052023,4.624277456647398,3.4682080924855487,27.74566473988439,0.5780346820809248,4.046242774566474
2014-05-24,province,ab,465.0,5,45,465.0,28,465.0,465.0,6,465.0,3,465.0,100,465.0,4,25,50,0.8602150537634409,0.6451612903225806,6.021505376344086,5.376344086021505,10.75268817204301,1.2903225806451613,21.50537634408602,1.0752688172043012,9.67741935483871
2014-05-17,province,ab,458.0,18,43,458.0,24,458.0,458.0,4,458.0,9,458.0,92,458.0,3,24,61,0.6550218340611353,1.9650655021834063,5.240174672489083,5.240174672489083,13.318777292576419,0.8733624454148471,20.087336244541483,3.9301310043668125,9.388646288209607
2014-05-17,province,ns,43.0,1,4,44.0,3,13.0,13.0,0,13.0,1,13.0,2,13.0,0,1,5,0.0,7.6923076923076925,6.8181818181818175,7.6923076923076925,11.627906976744185,0.0,15.384615384615385,2.3255813953488373,9.30232558139535
2014-05-17,province,mb,162.0,0,0,85.0,8,87.0,87.0,2,38.0,9,87.0,2,38.0,2,5,0,5.263157894736842,23.684210526315788,9.411764705882353,5.747126436781609,0.0,2.2988505747126435,2.2988505747126435,0.0,0.0
2014-05-17,province,nb,34.0,2,4,34.0,3,34.0,34.0,3,0.0,0,0.0,0,0.0,0,0,6,0.0,0.0,8.823529411764707,0.0,17.647058823529413,8.823529411764707,0.0,5.88235294117647,11.76470588235294
2014-05-17,province,nl,55.0,4,10,55.0,5,55.0,55.0,0,55.0,6,,0,,0,0,14,,10.909090909090908,9.090909090909092,0.0,25.454545454545453,0.0,,7.2727272727272725,18.181818181818183
2014-05-17,province,sk,266.0,0,23,266.0,21,266.0,266.0,15,266.0,10,266.0,64,266.0,10,15,23,3.7593984962406015,3.7593984962406015,7.894736842105263,5.639097744360902,8.646616541353383,5.639097744360902,24.06015037593985,0.0,8.646616541353383
2014-05-17,province,pe,0.0,0,0,0.0,0,0.0,0.0,0,0.0,0,0.0,0,0.0,0,0,0,0.0,0.0,0.0,0.0,0.0,0.0,0.0,0.0,0.0
2014-05-10,province,nl,48.0,2,10,48.0,3,48.0,48.0,0,48.0,2,,0,,0,1,12,,4.166666666666666,6.25,2.083333333333333,25.0,0.0,,4.166666666666666,20.833333333333336
2014-05-10,province,ns,54.0,0,6,55.0,4,11.0,11.0,0,11.0,0,11.0,2,11.0,0,0,6,0.0,0.0,7.2727272727272725,0.0,11.11111111111111,0.0,18.181818181818183,0.0,11.11111111111111
2014-05-10,province,mb,171.0,2,7,78.0,11,80.0,80.0,2,36.0,2,80.0,2,36.0,3,3,9,8.333333333333332,5.555555555555555,14.102564102564102,3.75,5.263157894736842,2.5,2.5,1.1695906432748537,4.093567251461988
2014-05-10,province,nb,45.0,0,7,12.0,2,12.0,12.0,2,0.0,0,0.0,0,0.0,0,0,7,0.0,0.0,16.666666666666664,0.0,15.555555555555555,16.666666666666664,0.0,0.0,15.555555555555555
2014-05-10,province,pe,7.0,0,0,14.0,2,5.0,5.0,1,5.0,0,5.0,2,5.0,0,2,0,0.0,0.0,14.285714285714285,40.0,0.0,20.0,40.0,0.0,0.0
2014-05-10,province,sk,215.0,0,22,215.0,24,215.0,215.0,8,215.0,7,215.0,35,215.0,11,16,22,5.116279069767442,3.255813953488372,11.162790697674419,7.441860465116279,10.232558139534884,3.7209302325581395,16.27906976744186,0.0,10.232558139534884
2014-05-10,province,ab,518.0,6,38,518.0,31,518.0,518.0,13,518.0,11,518.0,98,518.0,3,21,44,0.5791505791505791,2.1235521235521233,5.984555984555985,4.054054054054054,8.494208494208493,2.5096525096525095,18.91891891891892,1.1583011583011582,7.335907335907336
2014-05-03,province,ab,503.0,0,32,503.0,41,503.0,503.0,18,503.0,13,503.0,89,503.0,9,23,32,1.7892644135188867,2.584493041749503,8.151093439363818,4.572564612326044,6.36182902584493,3.5785288270377733,17.693836978131213,0.0,6.36182902584493
2014-05-03,province,pe,8.0,0,0,10.0,3,5.0,5.0,0,5.0,0,5.0,1,5.0,0,0,0,0.0,0.0,30.0,0.0,0.0,0.0,20.0,0.0,0.0
2014-05-03,province,ns,66.0,0,18,66.0,5,10.0,10.0,0,10.0,1,10.0,0,10.0,0,0,18,0.0,10.0,7.575757575757576,0.0,27.27272727272727,0.0,0.0,0.0,27.27272727272727
2014-05-03,province,nl,44.0,2,8,44.0,6,44.0,44.0,1,44.0,3,,0,,0,0,10,,6.8181818181818175,13.636363636363635,0.0,22.727272727272727,2.272727272727273,,4.545454545454546,18.181818181818183
2014-05-03,province,nb,88.0,0,7,22.0,0,18.0,19.0,1,0.0,0,0.0,0,0.0,0,0,7,0.0,0.0,0.0,0.0,7.954545454545454,5.263157894736842,0.0,0.0,7.954545454545454
2014-05-03,province,mb,185.0,4,10,95.0,10,97.0,97.0,1,38.0,4,97.0,5,38.0,2,2,14,5.263157894736842,10.526315789473683,10.526315789473683,2.0618556701030926,7.567567567567568,1.0309278350515463,5.154639175257731,2.1621621621621623,5.405405405405405
2014-05-03,province,sk,237.0,0,19,237.0,51,237.0,237.0,10,237.0,8,237.0,35,237.0,18,11,19,7.59493670886076,3.375527426160337,21.518987341772153,4.641350210970464,8.016877637130802,4.219409282700422,14.767932489451477,0.0,8.016877637130802
2014-04-26,province,ab,514.0,8,42,514.0,44,514.0,514.0,6,514.0,22,514.0,98,514.0,16,19,50,3.11284046692607,4.280155642023346,8.560311284046692,3.6964980544747084,9.72762645914397,1.1673151750972763,19.06614785992218,1.556420233463035,8.171206225680933
2014-04-26,province,ns,51.0,0,3,54.0,4,12.0,12.0,0,12.0,2,12.0,2,12.0,1,0,3,8.333333333333332,16.666666666666664,7.4074074074074066,0.0,5.88235294117647,0.0,16.666666666666664,0.0,5.88235294117647
2014-04-26,province,nl,51.0,5,7,51.0,5,51.0,51.0,1,51.0,5,,0,,0,0,12,,9.803921568627452,9.803921568627452,0.0,23.52941176470588,1.9607843137254901,,9.803921568627452,13.725490196078432
2014-04-26,province,nb,112.0,0,17,41.0,6,41.0,41.0,0,0.0,0,0.0,0,0.0,0,0,17,0.0,0.0,14.634146341463413,0.0,15.178571428571427,0.0,0.0,0.0,15.178571428571427
2014-04-26,province,mb,217.0,16,8,124.0,17,126.0,126.0,0,49.0,4,126.0,6,49.0,1,0,24,2.0408163265306123,8.16326530612245,13.709677419354838,0.0,11.059907834101383,0.0,4.761904761904762,7.373271889400922,3.686635944700461
2014-04-26,province,pe,16.0,0,0,22.0,6,10.0,10.0,2,10.0,0,10.0,0,10.0,0,0,0,0.0,0.0,27.27272727272727,0.0,0.0,20.0,0.0,0.0,0.0
2014-04-26,province,sk,211.0,3,17,211.0,58,211.0,211.0,7,211.0,12,211.0,39,211.0,17,10,20,8.056872037914692,5.687203791469194,27.488151658767773,4.739336492890995,9.47867298578199,3.3175355450236967,18.48341232227488,1.4218009478672986,8.056872037914692
2014-04-19,province,ns,48.0,2,7,48.0,4,9.0,9.0,0,9.0,1,9.0,0,9.0,1,1,9,11.11111111111111,11.11111111111111,8.333333333333332,11.11111111111111,18.75,0.0,0.0,4.166666666666666,14.583333333333334
2014-04-19,province,nl,0.0,0,0,0.0,0,0.0,0.0,0,0.0,0,,0,,0,0,0,,0.0,0.0,0.0,0.0,0.0,,0.0,0.0
2014-04-19,province,nb,61.0,0,14,28.0,3,22.0,22.0,0,0.0,0,0.0,0,0.0,0,0,14,0.0,0.0,10.714285714285714,0.0,22.950819672131146,0.0,0.0,0.0,22.950819672131146
2014-04-19,province,mb,0.0,0,0,0.0,0,0.0,0.0,0,0.0,0,0.0,0,0.0,0,0,0,0.0,0.0,0.0,0.0,0.0,0.0,0.0,0.0,0.0
2014-04-19,province,sk,181.0,4,17,181.0,49,181.0,181.0,20,181.0,17,196.0,40,181.0,24,5,21,13.259668508287293,9.392265193370166,27.071823204419886,2.7624309392265194,11.602209944751381,11.049723756906078,20.408163265306122,2.209944751381215,9.392265193370166
2014-04-19,province,pe,3.0,1,0,11.0,4,1.0,1.0,0,1.0,0,1.0,0,1.0,0,0,1,0.0,0.0,36.36363636363637,0.0,33.33333333333333,0.0,0.0,33.33333333333333,0.0
2014-04-19,province,ab,456.0,14,36,456.0,43,456.0,456.0,16,456.0,30,456.0,80,456.0,14,10,50,3.070175438596491,6.578947368421052,9.429824561403509,2.1929824561403506,10.964912280701753,3.508771929824561,17.543859649122805,3.070175438596491,7.894736842105263
2014-04-12,province,pe,16.0,0,1,16.0,4,11.0,11.0,0,11.0,3,11.0,2,11.0,1,1,1,9.090909090909092,27.27272727272727,25.0,9.090909090909092,6.25,0.0,18.181818181818183,0.0,6.25
2014-04-12,province,ns,65.0,2,1,65.0,6,19.0,19.0,0,19.0,3,19.0,0,19.0,3,1,3,15.789473684210526,15.789473684210526,9.230769230769232,5.263157894736842,4.615384615384616,0.0,0.0,3.076923076923077,1.5384615384615385
2014-04-12,province,nl,49.0,2,13,49.0,5,49.0,49.0,1,49.0,7,,0,,0,0,15,,14.285714285714285,10.204081632653061,0.0,30.612244897959183,2.0408163265306123,,4.081632653061225,26.53061224489796
2014-04-12,province,nb,68.0,0,10,41.0,5,39.0,39.0,0,0.0,0,0.0,0,0.0,0,0,10,0.0,0.0,12.195121951219512,0.0,14.705882352941178,0.0,0.0,0.0,14.705882352941178
2014-04-12,province,mb,220.0,5,1,109.0,28,115.0,115.0,1,46.0,0,115.0,0,46.0,10,0,6,21.73913043478261,0.0,25.688073394495415,0.0,2.727272727272727,0.8695652173913043,0.0,2.272727272727273,0.45454545454545453
2014-04-12,province,ab,569.0,9,42,569.0,60,569.0,569.0,15,569.0,37,569.0,75,569.0,18,12,51,3.163444639718805,6.502636203866433,10.54481546572935,2.10896309314587,8.963093145869948,2.6362038664323375,13.181019332161686,1.5817223198594026,7.381370826010544
2014-04-12,province,sk,251.0,14,24,251.0,65,251.0,251.0,12,251.0,26,232.0,32,251.0,25,9,38,9.9601593625498,10.358565737051793,25.89641434262948,3.5856573705179287,15.139442231075698,4.780876494023905,13.793103448275861,5.577689243027888,9.56175298804781
2014-04-05,province,mb,170.0,8,0,88.0,17,89.0,89.0,2,42.0,3,89.0,4,42.0,1,0,8,2.380952380952381,7.142857142857142,19.318181818181817,0.0,4.705882352941177,2.247191011235955,4.49438202247191,4.705882352941177,0.0
2014-04-05,province,ns,55.0,3,0,56.0,6,10.0,10.0,0,10.0,1,10.0,0,10.0,1,0,3,10.0,10.0,10.714285714285714,0.0,5.454545454545454,0.0,0.0,5.454545454545454,0.0
2014-04-05,province,nl,59.0,7,16,59.0,5,59.0,59.0,0,59.0,3,,0,,0,0,23,,5.084745762711865,8.47457627118644,0.0,38.983050847457626,0.0,,11.864406779661017,27.11864406779661
2014-04-05,province,nb,102.0,0,7,28.0,7,28.0,28.0,2,0.0,0,0.0,0,0.0,0,0,7,0.0,0.0,25.0,0.0,6.862745098039216,7.142857142857142,0.0,0.0,6.862745098039216
2014-04-05,province,ab,554.0,15,31,554.0,48,554.0,554.0,6,554.0,49,554.0,74,554.0,17,10,46,3.068592057761733,8.844765342960288,8.664259927797833,1.8050541516245486,8.303249097472925,1.083032490974729,13.357400722021662,2.707581227436823,5.595667870036101
2014-04-05,province,sk,755.0,7,4,233.0,55,233.0,233.0,13,233.0,32,232.0,29,233.0,15,8,11,6.437768240343347,13.733905579399142,23.605150214592275,3.4334763948497855,1.456953642384106,5.579399141630901,12.5,0.9271523178807948,0.5298013245033113
2014-04-05,province,pe,4.0,0,0,15.0,6,0.0,0.0,0,0.0,0,0.0,0,0.0,0,0,0,0.0,0.0,40.0,0.0,0.0,0.0,0.0,0.0,0.0
2014-03-29,province,ns,48.0,3,0,55.0,7,11.0,11.0,0,11.0,4,11.0,2,11.0,0,0,3,0.0,36.36363636363637,12.727272727272727,0.0,6.25,0.0,18.181818181818183,6.25,0.0
2014-03-29,province,nl,67.0,7,23,67.0,6,67.0,67.0,0,67.0,1,,0,,0,1,30,,1.4925373134328357,8.955223880597014,1.4925373134328357,44.776119402985074,0.0,,10.44776119402985,34.32835820895522
2014-03-29,province,nb,101.0,0,8,35.0,8,35.0,35.0,3,0.0,0,0.0,0,0.0,0,0,8,0.0,0.0,22.857142857142858,0.0,7.920792079207921,8.571428571428571,0.0,0.0,7.920792079207921
2014-03-29,province,ab,555.0,28,19,555.0,53,555.0,555.0,6,555.0,42,555.0,63,555.0,13,9,47,2.3423423423423424,7.567567567567568,9.54954954954955,1.6216216216216217,8.468468468468467,1.0810810810810811,11.351351351351353,5.045045045045045,3.423423423423423
2014-03-29,province,mb,183.0,11,2,97.0,10,104.0,104.0,1,38.0,8,104.0,3,38.0,1,1,13,2.631578947368421,21.052631578947366,10.309278350515463,0.9615384615384616,7.103825136612022,0.9615384615384616,2.8846153846153846,6.0109289617486334,1.092896174863388
2014-03-29,province,pe,0.0,0,0,0.0,0,0.0,0.0,0,0.0,0,0.0,0,0.0,0,0,0,0.0,0.0,0.0,0.0,0.0,0.0,0.0,0.0,0.0
2014-03-29,province,sk,170.0,5,4,170.0,57,170.0,170.0,9,170.0,26,187.0,27,170.0,19,8,9,11.176470588235295,15.294117647058824,33.52941176470588,4.705882352941177,5.294117647058823,5.294117647058823,14.43850267379679,2.941176470588235,2.3529411764705883
2014-03-22,province,sk,155.0,1,5,155.0,53,155.0,155.0,7,155.0,34,212.0,27,155.0,18,4,6,11.612903225806452,21.935483870967744,34.193548387096776,2.5806451612903225,3.870967741935484,4.516129032258064,12.735849056603774,0.6451612903225806,3.225806451612903
2014-03-22,province,ns,82.0,1,1,82.0,15,20.0,20.0,0,20.0,5,20.0,0,20.0,0,2,2,0.0,25.0,18.29268292682927,10.0,2.4390243902439024,0.0,0.0,1.2195121951219512,1.2195121951219512
2014-03-22,province,ab,591.0,38,24,591.0,82,591.0,591.0,8,591.0,66,591.0,64,591.0,18,10,62,3.0456852791878175,11.16751269035533,13.874788494077833,1.6920473773265652,10.490693739424705,1.353637901861252,10.829103214890017,6.429780033840947,4.060913705583756
2014-03-22,province,nb,93.0,0,7,24.0,3,22.0,22.0,0,0.0,0,0.0,0,0.0,0,0,7,0.0,0.0,12.5,0.0,7.526881720430108,0.0,0.0,0.0,7.526881720430108
2014-03-22,province,nl,58.0,6,11,58.0,4,58.0,58.0,0,58.0,5,,0,,0,0,17,,8.620689655172415,6.896551724137931,0.0,29.310344827586203,0.0,,10.344827586206897,18.96551724137931
2014-03-22,province,mb,184.0,8,2,95.0,19,96.0,96.0,1,36.0,5,96.0,3,36.0,2,1,10,5.555555555555555,13.88888888888889,20.0,1.0416666666666665,5.434782608695652,1.0416666666666665,3.125,4.3478260869565215,1.0869565217391304
2014-03-22,province,pe,7.0,0,0,22.0,14,3.0,3.0,0,3.0,0,3.0,1,3.0,0,0,0,0.0,0.0,63.63636363636363,0.0,0.0,0.0,33.33333333333333,0.0,0.0
2014-03-15,province,ns,115.0,10,0,115.0,12,20.0,20.0,0,20.0,1,20.0,1,20.0,0,0,10,0.0,5.0,10.434782608695652,0.0,8.695652173913043,0.0,5.0,8.695652173913043,0.0
2014-03-15,province,sk,238.0,6,10,238.0,68,238.0,238.0,13,238.0,44,223.0,31,238.0,32,7,16,13.445378151260504,18.487394957983195,28.57142857142857,2.941176470588235,6.722689075630252,5.46218487394958,13.901345291479823,2.5210084033613445,4.201680672268908
2014-03-15,province,ab,675.0,46,28,675.0,77,675.0,675.0,7,675.0,60,675.0,60,675.0,17,17,74,2.5185185185185186,8.88888888888889,11.407407407407408,2.5185185185185186,10.962962962962964,1.037037037037037,8.88888888888889,6.814814814814815,4.148148148148148
2014-03-15,province,mb,158.0,27,0,66.0,9,62.0,62.0,1,32.0,4,62.0,1,32.0,5,1,27,15.625,12.5,13.636363636363635,1.6129032258064515,17.088607594936708,1.6129032258064515,1.6129032258064515,17.088607594936708,0.0
2014-03-15,province,nb,98.0,8,5,46.0,0,36.0,36.0,0,0.0,0,0.0,0,0.0,0,1,13,0.0,0.0,0.0,2.7777777777777777,13.26530612244898,0.0,0.0,8.16326530612245,5.1020408163265305
2014-03-15,province,nl,54.0,1,8,54.0,6,54.0,54.0,0,54.0,11,,0,,0,0,9,,20.37037037037037,11.11111111111111,0.0,16.666666666666664,0.0,,1.8518518518518516,14.814814814814813
2014-03-15,province,pe,11.0,1,0,14.0,9,2.0,2.0,0,2.0,0,2.0,0,2.0,0,0,1,0.0,0.0,64.28571428571429,0.0,9.090909090909092,0.0,0.0,9.090909090909092,0.0
2014-03-08,province,sk,326.0,11,7,326.0,59,326.0,326.0,8,326.0,36,321.0,26,326.0,46,6,18,14.11042944785276,11.042944785276074,18.098159509202453,1.8404907975460123,5.521472392638037,2.4539877300613497,8.09968847352025,3.374233128834356,2.147239263803681
2014-03-08,province,pe,16.0,1,1,10.0,3,0.0,0.0,0,0.0,0,0.0,0,0.0,0,0,2,0.0,0.0,30.0,0.0,12.5,0.0,0.0,6.25,6.25
2014-03-08,province,ab,690.0,63,17,690.0,102,690.0,690.0,7,690.0,66,690.0,58,690.0,19,7,80,2.753623188405797,9.565217391304348,14.782608695652174,1.0144927536231882,11.594202898550725,1.0144927536231882,8.405797101449275,9.130434782608695,2.4637681159420293
2014-03-08,province,ns,83.0,7,1,80.0,14,18.0,18.0,0,18.0,1,18.0,1,18.0,6,0,8,33.33333333333333,5.555555555555555,17.5,0.0,9.63855421686747,0.0,5.555555555555555,8.433734939759036,1.2048192771084338
2014-03-08,province,nb,194.0,25,6,68.0,1,62.0,62.0,0,0.0,0,0.0,0,0.0,0,0,31,0.0,0.0,1.4705882352941175,0.0,15.979381443298967,0.0,0.0,12.886597938144329,3.0927835051546393
2014-03-08,province,mb,182.0,23,0,63.0,12,62.0,62.0,1,36.0,1,62.0,4,36.0,5,2,23,13.88888888888889,2.7777777777777777,19.047619047619047,3.225806451612903,12.637362637362637,1.6129032258064515,6.451612903225806,12.637362637362637,0.0
2014-03-08,province,nl,46.0,7,1,46.0,1,46.0,46.0,0,46.0,4,,0,,0,0,8,,8.695652173913043,2.1739130434782608,0.0,17.391304347826086,0.0,,15.217391304347828,2.1739130434782608
2014-03-01,province,ab,675.0,43,15,675.0,79,675.0,675.0,7,675.0,69,675.0,67,675.0,17,10,58,2.5185185185185186,10.222222222222223,11.703703703703704,1.4814814814814816,8.592592592592592,1.037037037037037,9.925925925925926,6.37037037037037,2.2222222222222223
2014-03-01,province,pe,24.0,1,0,9.0,3,5.0,5.0,0,5.0,2,5.0,0,5.0,2,1,1,40.0,40.0,33.33333333333333,20.0,4.166666666666666,0.0,0.0,4.166666666666666,0.0
2014-03-01,province,sk,337.0,15,3,337.0,5,337.0,337.0,8,337.0,48,322.0,27,337.0,39,16,18,11.572700296735905,14.243323442136498,1.483679525222552,4.747774480712167,5.341246290801187,2.3738872403560833,8.385093167701864,4.451038575667656,0.8902077151335311
2014-03-01,province,mb,213.0,34,0,82.0,21,87.0,87.0,3,48.0,2,87.0,4,48.0,0,1,34,0.0,4.166666666666666,25.609756097560975,1.1494252873563218,15.96244131455399,3.4482758620689653,4.597701149425287,15.96244131455399,0.0
2014-03-01,province,nb,250.0,37,2,67.0,3,66.0,66.0,1,0.0,0,0.0,0,0.0,0,0,39,0.0,0.0,4.477611940298507,0.0,15.6,1.5151515151515151,0.0,14.799999999999999,0.8
2014-03-01,province,nl,61.0,8,8,61.0,0,61.0,61.0,0,61.0,4,,0,,0,1,16,,6.557377049180328,0.0,1.639344262295082,26.229508196721312,0.0,,13.114754098360656,13.114754098360656
2014-03-01,province,ns,110.0,17,1,88.0,13,18.0,18.0,0,18.0,5,18.0,1,18.0,1,0,18,5.555555555555555,27.77777777777778,14.772727272727273,0.0,16.363636363636363,0.0,5.555555555555555,15.454545454545453,0.9090909090909091
2014-02-22,province,ab,795.0,75,7,795.0,80,795.0,795.0,11,795.0,83,795.0,78,795.0,23,4,82,2.8930817610062896,10.440251572327044,10.062893081761008,0.5031446540880503,10.314465408805033,1.3836477987421385,9.811320754716983,9.433962264150944,0.8805031446540881
2014-02-22,province,pe,16.0,7,0,2.0,1,1.0,1.0,0,1.0,0,1.0,0,1.0,1,0,7,100.0,0.0,50.0,0.0,43.75,0.0,0.0,43.75,0.0
2014-02-22,province,ns,108.0,14,0,102.0,8,17.0,17.0,0,17.0,5,17.0,0,17.0,2,0,14,11.76470588235294,29.411764705882355,7.8431372549019605,0.0,12.962962962962962,0.0,0.0,12.962962962962962,0.0
2014-02-22,province,nl,63.0,7,9,63.0,5,63.0,63.0,1,63.0,1,,0,,0,0,16,,1.5873015873015872,7.936507936507936,0.0,25.396825396825395,1.5873015873015872,,11.11111111111111,14.285714285714285
2014-02-22,province,nb,339.0,71,2,140.0,1,139.0,140.0,3,0.0,0,0.0,0,0.0,0,0,73,0.0,0.0,0.7142857142857143,0.0,21.533923303834808,2.142857142857143,0.0,20.943952802359885,0.5899705014749262
2014-02-22,province,mb,336.0,31,0,99.0,7,93.0,93.0,1,38.0,4,93.0,1,38.0,1,2,31,2.631578947368421,10.526315789473683,7.07070707070707,2.1505376344086025,9.226190476190476,1.0752688172043012,1.0752688172043012,9.226190476190476,0.0
2014-02-22,province,sk,287.0,17,3,287.0,44,287.0,287.0,8,287.0,43,282.0,16,287.0,33,4,20,11.498257839721255,14.982578397212542,15.33101045296167,1.3937282229965158,6.968641114982578,2.7874564459930316,5.673758865248227,5.923344947735192,1.0452961672473868
2014-02-15,province,ab,855.0,94,10,855.0,83,855.0,855.0,9,855.0,66,855.0,66,855.0,15,20,104,1.7543859649122806,7.719298245614035,9.707602339181287,2.3391812865497075,12.163742690058479,1.0526315789473684,7.719298245614035,10.994152046783626,1.1695906432748537
2014-02-15,province,ns,92.0,15,0,77.0,9,15.0,15.0,0,15.0,2,15.0,0,15.0,0,0,15,0.0,13.333333333333334,11.688311688311687,0.0,16.304347826086957,0.0,0.0,16.304347826086957,0.0
2014-02-15,province,nl,99.0,27,7,99.0,3,99.0,99.0,0,99.0,5,,0,,0,0,34,,5.05050505050505,3.0303030303030303,0.0,34.34343434343434,0.0,,27.27272727272727,7.07070707070707
2014-02-15,province,nb,310.0,49,2,213.0,1,211.0,211.0,2,0.0,0,0.0,0,0.0,0,1,51,0.0,0.0,0.4694835680751174,0.47393364928909953,16.451612903225808,0.9478672985781991,0.0,15.806451612903224,0.6451612903225806
2014-02-15,province,mb,236.0,34,2,82.0,11,85.0,85.0,0,38.0,1,85.0,1,38.0,2,8,36,5.263157894736842,2.631578947368421,13.414634146341465,9.411764705882353,15.254237288135593,0.0,1.1764705882352942,14.40677966101695,0.847457627118644
2014-02-15,province,sk,433.0,46,5,433.0,46,433.0,433.0,18,433.0,57,424.0,24,433.0,50,15,51,11.547344110854503,13.163972286374134,10.623556581986143,3.4642032332563506,11.778290993071593,4.157043879907621,5.660377358490567,10.623556581986143,1.1547344110854503
2014-02-15,province,pe,0.0,0,0,0.0,0,0.0,0.0,0,0.0,0,0.0,0,0.0,0,0,0,0.0,0.0,0.0,0.0,0.0,0.0,0.0,0.0,0.0
2014-02-08,province,ab,917.0,127,16,917.0,86,917.0,917.0,10,917.0,78,917.0,83,917.0,31,20,143,3.380588876772083,8.505997818974919,9.378407851690294,2.1810250817884405,15.59432933478735,1.0905125408942202,9.051254089422029,13.849509269356597,1.7448200654307526
2014-02-08,province,sk,435.0,77,6,435.0,37,435.0,435.0,20,435.0,51,399.0,22,435.0,63,22,83,14.482758620689657,11.724137931034482,8.505747126436782,5.057471264367816,19.080459770114942,4.597701149425287,5.513784461152882,17.70114942528736,1.3793103448275863
2014-02-08,province,mb,282.0,55,0,93.0,9,93.0,93.0,5,14.0,3,93.0,2,14.0,1,3,55,7.142857142857142,21.428571428571427,9.67741935483871,3.225806451612903,19.50354609929078,5.376344086021505,2.1505376344086025,19.50354609929078,0.0
2014-02-08,province,nb,406.0,141,2,98.0,1,96.0,96.0,0,0.0,0,0.0,0,0.0,0,1,143,0.0,0.0,1.0204081632653061,1.0416666666666665,35.221674876847295,0.0,0.0,34.72906403940887,0.49261083743842365
2014-02-08,province,pe,66.0,30,0,12.0,0,7.0,7.0,1,7.0,2,7.0,0,7.0,3,0,30,42.857142857142854,28.57142857142857,0.0,0.0,45.45454545454545,14.285714285714285,0.0,45.45454545454545,0.0
2014-02-08,province,nl,141.0,32,8,141.0,0,141.0,141.0,0,141.0,5,,0,,0,1,40,,3.546099290780142,0.0,0.7092198581560284,28.368794326241137,0.0,,22.69503546099291,5.673758865248227
2014-02-08,province,ns,117.0,14,1,106.0,7,17.0,17.0,0,17.0,2,17.0,1,17.0,0,4,15,0.0,11.76470588235294,6.60377358490566,23.52941176470588,12.82051282051282,0.0,5.88235294117647,11.965811965811966,0.8547008547008548
2014-02-01,province,pe,61.0,29,0,14.0,1,5.0,5.0,1,5.0,3,5.0,1,5.0,0,0,29,0.0,60.0,7.142857142857142,0.0,47.540983606557376,20.0,20.0,47.540983606557376,0.0
2014-02-01,province,mb,382.0,71,0,133.0,11,131.0,131.0,3,56.0,4,131.0,3,56.0,2,7,71,3.571428571428571,7.142857142857142,8.270676691729323,5.343511450381679,18.586387434554975,2.2900763358778624,2.2900763358778624,18.586387434554975,0.0
2014-02-01,province,nb,546.0,234,1,103.0,1,103.0,103.0,3,0.0,0,0.0,0,0.0,0,0,235,0.0,0.0,0.9708737864077669,0.0,43.040293040293044,2.912621359223301,0.0,42.857142857142854,0.18315018315018314
2014-02-01,province,nl,204.0,53,17,65.0,0,65.0,65.0,1,65.0,0,,0,,0,1,70,,0.0,0.0,1.5384615384615385,34.31372549019608,1.5384615384615385,,25.98039215686275,8.333333333333332
2014-02-01,province,ns,120.0,23,0,110.0,7,26.0,26.0,0,26.0,1,26.0,1,26.0,3,1,23,11.538461538461538,3.8461538461538463,6.363636363636363,3.8461538461538463,19.166666666666668,0.0,3.8461538461538463,19.166666666666668,0.0
2014-02-01,province,ab,1077.0,151,14,1077.0,73,1077.0,1077.0,7,1077.0,90,1077.0,66,1077.0,45,27,165,4.178272980501393,8.356545961002785,6.778087279480037,2.5069637883008355,15.32033426183844,0.6499535747446611,6.128133704735376,14.020427112349118,1.2999071494893222
2014-02-01,province,sk,517.0,94,6,517.0,31,517.0,517.0,18,517.0,49,470.0,22,517.0,63,17,100,12.18568665377176,9.477756286266924,5.996131528046422,3.2882011605415857,19.342359767891683,3.481624758220503,4.680851063829787,18.181818181818183,1.160541586073501
2014-01-25,province,ab,1264.0,280,7,1264.0,76,1264.0,1264.0,10,1264.0,68,1264.0,62,1264.0,38,34,287,3.0063291139240507,5.379746835443038,6.012658227848101,2.689873417721519,22.705696202531644,0.7911392405063291,4.90506329113924,22.151898734177212,0.5537974683544303
2014-01-25,province,pe,49.0,24,0,7.0,0,1.0,1.0,0,1.0,1,1.0,0,1.0,0,0,24,0.0,100.0,0.0,0.0,48.97959183673469,0.0,0.0,48.97959183673469,0.0
2014-01-25,province,ns,120.0,19,0,106.0,8,25.0,25.0,0,25.0,3,25.0,9,25.0,2,0,19,8.0,12.0,7.547169811320755,0.0,15.833333333333332,0.0,36.0,15.833333333333332,0.0
2014-01-25,province,nl,267.0,75,29,12.0,1,12.0,12.0,0,12.0,1,,0,,0,0,104,,8.333333333333332,8.333333333333332,0.0,38.951310861423224,0.0,,28.08988764044944,10.861423220973784
2014-01-25,province,nb,742.0,378,2,37.0,0,29.0,35.0,0,0.0,0,0.0,0,0.0,0,0,380,0.0,0.0,0.0,0.0,51.21293800539084,0.0,0.0,50.943396226415096,0.2695417789757413
2014-01-25,province,mb,429.0,103,0,101.0,0,91.0,91.0,4,51.0,2,91.0,0,51.0,4,5,103,7.8431372549019605,3.9215686274509802,0.0,5.4945054945054945,24.00932400932401,4.395604395604396,0.0,24.00932400932401,0.0
2014-01-25,province,sk,663.0,133,3,654.0,28,654.0,654.0,15,654.0,59,613.0,20,654.0,54,23,136,8.256880733944955,9.021406727828746,4.281345565749235,3.5168195718654434,20.51282051282051,2.293577981651376,3.262642740619902,20.060331825037707,0.4524886877828055
2014-01-18,province,ab,1675.0,469,9,1675.0,68,1675.0,1675.0,5,1675.0,64,1675.0,71,1675.0,53,54,478,3.164179104477612,3.8208955223880596,4.059701492537314,3.2238805970149254,28.53731343283582,0.2985074626865672,4.2388059701492535,28.000000000000004,0.5373134328358209
2014-01-18,province,sk,871.0,225,0,805.0,17,805.0,805.0,16,805.0,52,741.0,30,805.0,59,51,225,7.329192546583851,6.459627329192546,2.111801242236025,6.3354037267080745,25.83237657864523,1.9875776397515528,4.048582995951417,25.83237657864523,0.0
2014-01-18,province,mb,626.0,124,4,204.0,5,206.0,206.0,5,64.0,8,206.0,2,64.0,9,6,128,14.0625,12.5,2.450980392156863,2.912621359223301,20.447284345047922,2.4271844660194173,0.9708737864077669,19.808306709265175,0.6389776357827476
2014-01-18,province,pe,33.0,18,0,4.0,0,2.0,2.0,0,2.0,0,2.0,0,2.0,0,0,18,0.0,0.0,0.0,0.0,54.54545454545454,0.0,0.0,54.54545454545454,0.0
2014-01-18,province,nl,201.0,48,27,207.0,0,207.0,207.0,0,207.0,0,,0,,0,2,75,,0.0,0.0,0.966183574879227,37.3134328358209,0.0,,23.88059701492537,13.432835820895523
2014-01-18,province,nb,693.0,310,0,53.0,3,47.0,47.0,0,0.0,0,0.0,0,0.0,0,0,310,0.0,0.0,5.660377358490567,0.0,44.733044733044736,0.0,0.0,44.733044733044736,0.0
2014-01-18,province,ns,120.0,14,0,104.0,8,19.0,19.0,0,19.0,0,19.0,3,19.0,2,0,14,10.526315789473683,0.0,7.6923076923076925,0.0,11.666666666666666,0.0,15.789473684210526,11.666666666666666,0.0
2014-01-11,province,sk,1030.0,360,1,1030.0,19,1030.0,1030.0,16,1030.0,67,812.0,36,1030.0,62,50,361,6.019417475728155,6.5048543689320395,1.8446601941747571,4.854368932038835,35.04854368932039,1.5533980582524272,4.433497536945813,34.95145631067961,0.0970873786407767
2014-01-11,province,pe,27.0,0,0,1.0,0,1.0,1.0,0,1.0,0,1.0,0,1.0,0,0,0,0.0,0.0,0.0,0.0,0.0,0.0,0.0,0.0,0.0
2014-01-11,province,mb,605.0,63,3,292.0,6,329.0,329.0,6,33.0,1,329.0,1,33.0,0,4,66,0.0,3.0303030303030303,2.054794520547945,1.21580547112462,10.909090909090908,1.82370820668693,0.303951367781155,10.413223140495868,0.49586776859504134
2014-01-11,province,nb,465.0,194,1,58.0,0,57.0,58.0,1,0.0,0,0.0,0,0.0,0,0,195,0.0,0.0,0.0,0.0,41.935483870967744,1.7241379310344827,0.0,41.72043010752688,0.21505376344086022
2014-01-11,province,nl,185.0,44,20,139.0,0,139.0,139.0,0,139.0,0,,0,,0,1,64,,0.0,0.0,0.7194244604316548,34.5945945945946,0.0,,23.783783783783786,10.81081081081081
2014-01-11,province,ns,96.0,13,0,91.0,1,90.0,90.0,0,90.0,2,90.0,2,90.0,0,2,13,0.0,2.2222222222222223,1.098901098901099,2.2222222222222223,13.541666666666666,0.0,2.2222222222222223,13.541666666666666,0.0
2014-01-11,province,ab,2328.0,800,4,2328.0,76,2328.0,2328.0,16,2328.0,67,2328.0,98,2328.0,50,66,804,2.147766323024055,2.8780068728522337,3.264604810996564,2.8350515463917527,34.5360824742268,0.6872852233676976,4.209621993127148,34.36426116838488,0.1718213058419244
2014-01-04,province,mb,278.0,29,0,141.0,4,156.0,156.0,1,32.0,3,156.0,3,32.0,1,4,29,3.125,9.375,2.8368794326241136,2.564102564102564,10.431654676258994,0.641025641025641,1.9230769230769231,10.431654676258994,0.0
2014-01-04,province,nb,110.0,29,0,14.0,0,14.0,15.0,0,0.0,0,0.0,0,0.0,0,0,29,0.0,0.0,0.0,0.0,26.36363636363636,0.0,0.0,26.36363636363636,0.0
2014-01-04,province,nl,65.0,23,2,50.0,2,50.0,50.0,0,50.0,0,,0,,0,4,25,,0.0,4.0,8.0,38.46153846153847,0.0,,35.38461538461539,3.076923076923077
2014-01-04,province,ns,78.0,9,0,81.0,5,60.0,60.0,0,60.0,3,60.0,6,60.0,1,9,9,1.6666666666666667,5.0,6.172839506172839,15.0,11.538461538461538,0.0,10.0,11.538461538461538,0.0
2014-01-04,province,pe,15.0,0,0,3.0,1,2.0,2.0,0,2.0,0,2.0,1,2.0,0,0,0,0.0,0.0,33.33333333333333,0.0,0.0,0.0,50.0,0.0,0.0
2014-01-04,province,ab,1732.0,630,0,1732.0,84,1732.0,1732.0,6,1732.0,63,1732.0,68,1732.0,51,46,630,2.9445727482678983,3.6374133949191685,4.849884526558892,2.655889145496536,36.37413394919168,0.3464203233256351,3.9260969976905313,36.37413394919168,0.0
2014-01-04,province,sk,489.0,198,0,489.0,2,489.0,489.0,12,489.0,25,378.0,22,489.0,29,32,198,5.930470347648262,5.112474437627812,0.408997955010225,6.5439672801636,40.49079754601227,2.4539877300613497,5.82010582010582,40.49079754601227,0.0
2013-12-28,province,sk,306.0,84,0,306.0,4,306.0,306.0,64,306.0,14,227.0,18,306.0,11,22,84,3.594771241830065,4.57516339869281,1.3071895424836601,7.18954248366013,27.450980392156865,20.915032679738562,7.929515418502203,27.450980392156865,0.0
2013-12-28,province,ab,1047.0,369,0,1047.0,50,1047.0,1047.0,4,1047.0,21,1047.0,63,1047.0,19,24,369,1.8147086914995225,2.005730659025788,4.775549188156638,2.292263610315186,35.24355300859599,0.38204393505253104,6.017191977077363,35.24355300859599,0.0
2013-12-28,province,mb,160.0,10,0,88.0,3,83.0,83.0,1,20.0,1,83.0,1,20.0,1,1,10,5.0,5.0,3.4090909090909087,1.2048192771084338,6.25,1.2048192771084338,1.2048192771084338,6.25,0.0
2013-12-28,province,nb,60.0,10,0,24.0,0,23.0,24.0,1,0.0,0,0.0,0,0.0,0,1,10,0.0,0.0,0.0,4.3478260869565215,16.666666666666664,4.166666666666666,0.0,16.666666666666664,0.0
2013-12-28,province,nl,35.0,6,2,46.0,0,46.0,46.0,0,46.0,0,,0,,0,1,8,,0.0,0.0,2.1739130434782608,22.857142857142858,0.0,,17.142857142857142,5.714285714285714
2013-12-28,province,ns,24.0,4,0,19.0,0,10.0,10.0,0,10.0,0,10.0,1,10.0,0,0,4,0.0,0.0,0.0,0.0,16.666666666666664,0.0,10.0,16.666666666666664,0.0
2013-12-28,province,pe,11.0,0,0,3.0,0,2.0,2.0,0,2.0,0,2.0,1,2.0,0,0,0,0.0,0.0,0.0,0.0,0.0,0.0,50.0,0.0,0.0
2013-12-14,province,nb,68.0,0,0,28.0,0,26.0,26.0,1,0.0,0,0.0,0,0.0,0,1,0,0.0,0.0,0.0,3.8461538461538463,0.0,3.8461538461538463,0.0,0.0,0.0
2013-12-14,province,ab,557.0,95,3,557.0,26,557.0,557.0,10,557.0,14,557.0,61,557.0,6,51,98,1.0771992818671454,2.5134649910233393,4.66786355475763,9.156193895870736,17.594254937163374,1.7953321364452424,10.951526032315979,17.0556552962298,0.5385996409335727
2013-12-14,province,mb,103.0,3,0,61.0,1,60.0,60.0,0,17.0,1,60.0,3,17.0,0,2,3,0.0,5.88235294117647,1.639344262295082,3.3333333333333335,2.912621359223301,0.0,5.0,2.912621359223301,0.0
2013-12-14,province,nl,31.0,2,0,34.0,0,34.0,34.0,0,34.0,0,,0,,0,0,2,,0.0,0.0,0.0,6.451612903225806,0.0,,6.451612903225806,0.0
2013-12-14,province,sk,168.0,19,0,168.0,1,168.0,168.0,9,168.0,4,160.0,16,168.0,2,28,19,1.1904761904761905,2.380952380952381,0.5952380952380952,16.666666666666664,11.30952380952381,5.357142857142857,10.0,11.30952380952381,0.0
2013-12-14,province,ns,37.0,1,0,43.0,1,35.0,35.0,0,35.0,0,35.0,1,35.0,0,6,1,0.0,0.0,2.3255813953488373,17.142857142857142,2.7027027027027026,0.0,2.857142857142857,2.7027027027027026,0.0
2013-12-14,province,pe,6.0,0,0,6.0,0,5.0,5.0,0,5.0,0,5.0,2,5.0,0,1,0,0.0,0.0,0.0,20.0,0.0,0.0,40.0,0.0,0.0
2013-12-07,province,ab,486.0,60,1,486.0,12,486.0,486.0,6,486.0,7,486.0,79,486.0,3,38,61,0.6172839506172839,1.440329218106996,2.4691358024691357,7.818930041152264,12.551440329218108,1.2345679012345678,16.255144032921812,12.345679012345679,0.205761316872428
2013-12-07,province,sk,166.0,10,0,166.0,3,166.0,166.0,8,166.0,7,679.0,16,166.0,2,21,10,1.2048192771084338,4.216867469879518,1.8072289156626504,12.650602409638553,6.024096385542169,4.819277108433735,2.3564064801178204,6.024096385542169,0.0
2013-12-07,province,pe,7.0,0,0,5.0,0,2.0,2.0,0,2.0,0,2.0,0,2.0,0,1,0,0.0,0.0,0.0,50.0,0.0,0.0,0.0,0.0,0.0
2013-12-07,province,ns,42.0,0,0,43.0,1,38.0,38.0,0,38.0,0,38.0,4,38.0,0,3,0,0.0,0.0,2.3255813953488373,7.894736842105263,0.0,0.0,10.526315789473683,0.0,0.0
2013-12-07,province,nl,35.0,0,0,39.0,0,39.0,39.0,0,39.0,0,,0,,0,5,0,,0.0,0.0,12.82051282051282,0.0,0.0,,0.0,0.0
2013-12-07,province,nb,83.0,0,0,36.0,0,36.0,33.0,0,0.0,0,0.0,0,0.0,0,0,0,0.0,0.0,0.0,0.0,0.0,0.0,0.0,0.0,0.0
2013-12-07,province,mb,108.0,0,1,63.0,1,67.0,67.0,3,18.0,1,67.0,3,18.0,0,1,1,0.0,5.555555555555555,1.5873015873015872,1.4925373134328357,0.9259259259259258,4.477611940298507,4.477611940298507,0.0,0.9259259259259258
2013-11-30,province,sk,166.0,4,0,166.0,0,166.0,166.0,12,166.0,2,166.0,27,166.0,2,24,4,1.2048192771084338,1.2048192771084338,0.0,14.457831325301203,2.4096385542168677,7.228915662650602,16.265060240963855,2.4096385542168677,0.0
2013-11-30,province,nl,33.0,2,0,34.0,0,34.0,34.0,1,34.0,0,,0,,0,0,2,,0.0,0.0,0.0,6.0606060606060606,2.941176470588235,,6.0606060606060606,0.0
2013-11-30,province,nb,0.0,0,0,0.0,0,0.0,0.0,0,0.0,0,0.0,0,0.0,0,0,0,0.0,0.0,0.0,0.0,0.0,0.0,0.0,0.0,0.0
2013-11-30,province,ab,439.0,35,0,439.0,9,439.0,439.0,7,439.0,7,439.0,51,439.0,1,23,35,0.22779043280182232,1.5945330296127564,2.050113895216401,5.239179954441914,7.972665148063782,1.5945330296127564,11.617312072892938,7.972665148063782,0.0
2013-11-30,province,mb,0.0,0,0,0.0,0,0.0,0.0,0,0.0,0,0.0,0,0.0,0,0,0,0.0,0.0,0.0,0.0,0.0,0.0,0.0,0.0,0.0
2013-11-30,province,ns,24.0,0,0,26.0,0,23.0,23.0,0,23.0,1,23.0,1,23.0,0,4,0,0.0,4.3478260869565215,0.0,17.391304347826086,0.0,0.0,4.3478260869565215,0.0,0.0
2013-11-30,province,pe,0.0,0,0,0.0,0,0.0,0.0,0,0.0,0,0.0,0,0.0,0,0,0,0.0,0.0,0.0,0.0,0.0,0.0,0.0,0.0,0.0
2013-11-23,province,sk,179.0,2,0,179.0,0,179.0,179.0,10,179.0,1,179.0,24,179.0,2,22,2,1.1173184357541899,0.5586592178770949,0.0,12.290502793296088,1.1173184357541899,5.58659217877095,13.40782122905028,1.1173184357541899,0.0
2013-11-23,province,pe,6.0,0,0,3.0,0,2.0,2.0,1,2.0,0,2.0,0,2.0,0,0,0,0.0,0.0,0.0,0.0,0.0,50.0,0.0,0.0,0.0
2013-11-23,province,mb,104.0,3,1,58.0,2,57.0,57.0,0,14.0,0,57.0,4,14.0,0,2,4,0.0,0.0,3.4482758620689653,3.508771929824561,3.8461538461538463,0.0,7.017543859649122,2.8846153846153846,0.9615384615384616
2013-11-23,province,nb,81.0,0,0,23.0,0,20.0,29.0,0,0.0,0,0.0,0,0.0,0,0,0,0.0,0.0,0.0,0.0,0.0,0.0,0.0,0.0,0.0
2013-11-23,province,nl,37.0,0,0,30.0,0,30.0,30.0,1,30.0,0,,0,,0,0,0,,0.0,0.0,0.0,0.0,3.3333333333333335,,0.0,0.0
2013-11-23,province,ns,29.0,0,0,29.0,0,29.0,29.0,0,29.0,0,29.0,2,29.0,0,3,0,0.0,0.0,0.0,10.344827586206897,0.0,0.0,6.896551724137931,0.0,0.0
2013-11-23,province,ab,441.0,16,3,441.0,4,441.0,441.0,7,441.0,6,441.0,74,441.0,3,37,19,0.6802721088435374,1.3605442176870748,0.9070294784580499,8.390022675736962,4.308390022675737,1.5873015873015872,16.780045351473923,3.6281179138321997,0.6802721088435374
2013-11-16,province,ab,436.0,18,0,436.0,10,436.0,436.0,13,436.0,3,436.0,81,436.0,6,38,18,1.3761467889908259,0.6880733944954129,2.293577981651376,8.715596330275229,4.128440366972478,2.981651376146789,18.577981651376145,4.128440366972478,0.0
2013-11-16,province,mb,60.0,1,0,33.0,0,35.0,35.0,0,11.0,0,35.0,3,11.0,0,2,1,0.0,0.0,0.0,5.714285714285714,1.6666666666666667,0.0,8.571428571428571,1.6666666666666667,0.0
2013-11-16,province,nb,27.0,1,0,22.0,0,22.0,22.0,0,0.0,0,0.0,0,0.0,0,0,1,0.0,0.0,0.0,0.0,3.7037037037037033,0.0,0.0,3.7037037037037033,0.0
2013-11-16,province,nl,20.0,0,0,13.0,0,13.0,13.0,0,13.0,0,,0,,0,0,0,,0.0,0.0,0.0,0.0,0.0,,0.0,0.0
2013-11-16,province,ns,21.0,0,0,30.0,0,20.0,20.0,0,20.0,0,20.0,5,20.0,0,2,0,0.0,0.0,0.0,10.0,0.0,0.0,25.0,0.0,0.0
2013-11-16,province,pe,11.0,0,0,6.0,0,5.0,5.0,0,5.0,0,5.0,2,5.0,0,4,0,0.0,0.0,0.0,80.0,0.0,0.0,40.0,0.0,0.0
2013-11-16,province,sk,162.0,3,0,162.0,0,162.0,162.0,7,162.0,2,162.0,24,162.0,2,21,3,1.2345679012345678,1.2345679012345678,0.0,12.962962962962962,1.8518518518518516,4.320987654320987,14.814814814814813,1.8518518518518516,0.0
2013-11-09,province,mb,82.0,2,0,44.0,0,51.0,51.0,5,13.0,0,51.0,3,13.0,0,0,2,0.0,0.0,0.0,0.0,2.4390243902439024,9.803921568627452,5.88235294117647,2.4390243902439024,0.0
2013-11-09,province,ab,493.0,10,3,493.0,4,493.0,493.0,10,493.0,2,493.0,95,493.0,0,43,13,0.0,0.4056795131845842,0.8113590263691683,8.72210953346856,2.636916835699797,2.028397565922921,19.26977687626775,2.028397565922921,0.6085192697768762
2013-11-09,province,nb,70.0,0,0,17.0,0,19.0,19.0,0,0.0,0,0.0,0,0.0,0,0,0,0.0,0.0,0.0,0.0,0.0,0.0,0.0,0.0,0.0
2013-11-09,province,sk,180.0,2,0,180.0,1,180.0,180.0,12,180.0,2,180.0,50,180.0,0,16,2,0.0,1.1111111111111112,0.5555555555555556,8.88888888888889,1.1111111111111112,6.666666666666667,27.77777777777778,1.1111111111111112,0.0
2013-11-09,province,pe,6.0,0,0,6.0,0,3.0,3.0,0,3.0,0,3.0,1,3.0,0,0,0,0.0,0.0,0.0,0.0,0.0,0.0,33.33333333333333,0.0,0.0
2013-11-09,province,ns,14.0,0,0,16.0,0,13.0,13.0,0,13.0,0,13.0,3,13.0,0,1,0,0.0,0.0,0.0,7.6923076923076925,0.0,0.0,23.076923076923077,0.0,0.0
2013-11-09,province,nl,25.0,1,0,28.0,0,28.0,28.0,0,28.0,0,,0,,0,1,1,,0.0,0.0,3.571428571428571,4.0,0.0,,4.0,0.0
2013-11-02,province,mb,103.0,1,1,55.0,0,58.0,58.0,2,16.0,0,58.0,4,16.0,0,0,2,0.0,0.0,0.0,0.0,1.9417475728155338,3.4482758620689653,6.896551724137931,0.9708737864077669,0.9708737864077669
2013-11-02,province,nb,,0,0,,0,,,0,,0,,0,,0,0,0,,,,,,,,,
2013-11-02,province,nl,23.0,0,0,23.0,0,23.0,23.0,0,23.0,0,,0,,0,2,0,,0.0,0.0,8.695652173913043,0.0,0.0,,0.0,0.0
2013-11-02,province,ns,10.0,0,0,15.0,0,7.0,7.0,0,7.0,0,7.0,2,7.0,0,2,0,0.0,0.0,0.0,28.57142857142857,0.0,0.0,28.57142857142857,0.0,0.0
2013-11-02,province,ab,459.0,5,2,459.0,4,459.0,459.0,8,459.0,8,459.0,99,459.0,0,37,7,0.0,1.7429193899782136,0.8714596949891068,8.061002178649238,1.5250544662309369,1.7429193899782136,21.568627450980394,1.0893246187363834,0.4357298474945534
2013-11-02,province,pe,3.0,0,0,5.0,0,3.0,3.0,0,3.0,0,3.0,2,3.0,0,1,0,0.0,0.0,0.0,33.33333333333333,0.0,0.0,66.66666666666666,0.0,0.0
2013-11-02,province,sk,128.0,1,0,128.0,0,128.0,128.0,6,128.0,1,128.0,27,128.0,2,14,1,1.5625,0.78125,0.0,10.9375,0.78125,4.6875,21.09375,0.78125,0.0
2013-10-26,province,sk,151.0,0,0,151.0,0,151.0,151.0,10,151.0,0,151.0,39,151.0,1,7,0,0.6622516556291391,0.0,0.0,4.635761589403973,0.0,6.622516556291391,25.82781456953642,0.0,0.0
2013-10-26,province,nl,18.0,0,0,26.0,0,26.0,26.0,0,26.0,0,,0,,0,1,0,,0.0,0.0,3.8461538461538463,0.0,0.0,,0.0,0.0
2013-10-26,province,pe,1.0,0,0,3.0,0,1.0,1.0,0,1.0,0,1.0,0,1.0,0,1,0,0.0,0.0,0.0,100.0,0.0,0.0,0.0,0.0,0.0
2013-10-26,province,nb,61.0,0,0,25.0,0,25.0,26.0,0,0.0,0,0.0,0,0.0,0,0,0,0.0,0.0,0.0,0.0,0.0,0.0,0.0,0.0,0.0
2013-10-26,province,ab,376.0,5,5,376.0,2,376.0,376.0,6,376.0,2,376.0,75,376.0,0,20,10,0.0,0.5319148936170213,0.5319148936170213,5.319148936170213,2.6595744680851063,1.5957446808510638,19.9468085106383,1.3297872340425532,1.3297872340425532
2013-10-26,province,ns,12.0,0,0,12.0,0,12.0,12.0,0,12.0,0,12.0,5,12.0,0,0,0,0.0,0.0,0.0,0.0,0.0,0.0,41.66666666666667,0.0,0.0
2013-10-26,province,mb,86.0,0,0,44.0,0,44.0,44.0,2,10.0,0,44.0,0,10.0,0,4,0,0.0,0.0,0.0,9.090909090909092,0.0,4.545454545454546,0.0,0.0,0.0
2013-10-19,province,mb,60.0,0,0,36.0,0,34.0,34.0,1,11.0,0,34.0,2,11.0,1,4,0,9.090909090909092,0.0,0.0,11.76470588235294,0.0,2.941176470588235,5.88235294117647,0.0,0.0
2013-10-19,province,ab,310.0,1,0,310.0,1,310.0,310.0,3,310.0,0,310.0,90,310.0,0,23,1,0.0,0.0,0.3225806451612903,7.419354838709677,0.3225806451612903,0.967741935483871,29.03225806451613,0.3225806451612903,0.0
2013-10-19,province,ns,20.0,0,0,23.0,0,19.0,19.0,0,19.0,0,19.0,6,19.0,0,0,0,0.0,0.0,0.0,0.0,0.0,0.0,31.57894736842105,0.0,0.0
2013-10-19,province,nb,53.0,0,0,23.0,0,23.0,23.0,0,0.0,0,0.0,0,0.0,0,4,0,0.0,0.0,0.0,17.391304347826086,0.0,0.0,0.0,0.0,0.0
2013-10-19,province,nl,32.0,0,0,22.0,0,22.0,22.0,0,22.0,0,,0,,0,3,0,,0.0,0.0,13.636363636363635,0.0,0.0,,0.0,0.0
2013-10-19,province,sk,118.0,0,0,118.0,0,118.0,118.0,5,118.0,1,118.0,36,118.0,0,4,0,0.0,0.847457627118644,0.0,3.389830508474576,0.0,4.23728813559322,30.508474576271187,0.0,0.0
2013-10-19,province,pe,3.0,0,0,3.0,0,3.0,3.0,0,3.0,0,3.0,2,3.0,0,0,0,0.0,0.0,0.0,0.0,0.0,0.0,66.66666666666666,0.0,0.0
2013-10-12,province,mb,81.0,0,0,41.0,0,40.0,40.0,0,8.0,0,40.0,3,8.0,0,0,0,0.0,0.0,0.0,0.0,0.0,0.0,7.5,0.0,0.0
2013-10-12,province,nb,23.0,0,0,20.0,0,19.0,19.0,0,0.0,0,0.0,0,0.0,0,1,0,0.0,0.0,0.0,5.263157894736842,0.0,0.0,0.0,0.0,0.0
2013-10-12,province,ns,8.0,0,0,10.0,0,7.0,7.0,0,7.0,0,7.0,1,7.0,0,1,0,0.0,0.0,0.0,14.285714285714285,0.0,0.0,14.285714285714285,0.0,0.0
2013-10-12,province,nl,21.0,0,0,24.0,0,24.0,24.0,0,24.0,0,,0,,0,3,0,,0.0,0.0,12.5,0.0,0.0,,0.0,0.0
2013-10-12,province,sk,130.0,0,0,101.0,0,101.0,131.0,5,131.0,0,131.0,43,130.0,0,3,0,0.0,0.0,0.0,2.9702970297029703,0.0,3.816793893129771,32.82442748091603,0.0,0.0
2013-10-12,province,ab,406.0,2,0,406.0,7,406.0,406.0,5,406.0,4,406.0,123,406.0,1,26,2,0.24630541871921183,0.9852216748768473,1.7241379310344827,6.403940886699508,0.49261083743842365,1.2315270935960592,30.295566502463057,0.49261083743842365,0.0
2013-10-12,province,pe,3.0,0,0,3.0,0,3.0,3.0,0,3.0,0,3.0,0,3.0,0,0,0,0.0,0.0,0.0,0.0,0.0,0.0,0.0,0.0,0.0
2013-10-05,province,pe,0.0,0,0,0.0,0,0.0,0.0,0,0.0,0,0.0,0,0.0,0,0,0,0.0,0.0,0.0,0.0,0.0,0.0,0.0,0.0,0.0
2013-10-05,province,mb,77.0,0,0,44.0,0,44.0,44.0,2,8.0,0,44.0,2,8.0,0,0,0,0.0,0.0,0.0,0.0,0.0,4.545454545454546,4.545454545454546,0.0,0.0
2013-10-05,province,nb,27.0,1,0,11.0,0,10.0,10.0,0,0.0,0,0.0,0,0.0,0,1,1,0.0,0.0,0.0,10.0,3.7037037037037033,0.0,0.0,3.7037037037037033,0.0
2013-10-05,province,ab,357.0,0,1,357.0,0,357.0,357.0,2,357.0,3,357.0,111,357.0,0,14,1,0.0,0.8403361344537815,0.0,3.9215686274509802,0.2801120448179272,0.5602240896358543,31.092436974789916,0.0,0.2801120448179272
2013-10-05,province,nl,19.0,0,0,20.0,0,20.0,20.0,0,20.0,0,,0,,0,1,0,,0.0,0.0,5.0,0.0,0.0,,0.0,0.0
2013-10-05,province,ns,3.0,0,0,7.0,0,2.0,2.0,0,2.0,0,2.0,0,2.0,0,0,0,0.0,0.0,0.0,0.0,0.0,0.0,0.0,0.0,0.0
2013-10-05,province,sk,142.0,0,0,137.0,1,142.0,142.0,2,142.0,1,142.0,62,142.0,0,12,0,0.0,0.7042253521126761,0.7299270072992701,8.450704225352112,0.0,1.4084507042253522,43.66197183098591,0.0,0.0
2013-09-28,province,ns,3.0,0,0,15.0,1,3.0,3.0,0,3.0,0,3.0,1,3.0,0,0,0,0.0,0.0,6.666666666666667,0.0,0.0,0.0,33.33333333333333,0.0,0.0
2013-09-28,province,nl,23.0,0,0,13.0,0,13.0,13.0,0,13.0,0,,0,,0,0,0,,0.0,0.0,0.0,0.0,0.0,,0.0,0.0
2013-09-28,province,ab,338.0,1,0,338.0,1,338.0,338.0,1,338.0,0,338.0,97,338.0,1,10,1,0.2958579881656805,0.0,0.2958579881656805,2.9585798816568047,0.2958579881656805,0.2958579881656805,28.698224852071007,0.2958579881656805,0.0
2013-09-28,province,nb,23.0,0,0,14.0,0,14.0,18.0,0,0.0,0,0.0,0,0.0,0,0,0,0.0,0.0,0.0,0.0,0.0,0.0,0.0,0.0,0.0
2013-09-28,province,mb,65.0,0,0,37.0,0,41.0,41.0,2,12.0,0,41.0,6,12.0,0,0,0,0.0,0.0,0.0,0.0,0.0,4.878048780487805,14.634146341463413,0.0,0.0
2013-09-28,province,sk,116.0,0,0,116.0,0,116.0,116.0,0,114.0,0,116.0,39,116.0,0,3,0,0.0,0.0,0.0,2.586206896551724,0.0,0.0,33.62068965517241,0.0,0.0
2013-09-28,province,pe,3.0,0,0,5.0,0,3.0,3.0,0,3.0,0,3.0,1,3.0,0,0,0,0.0,0.0,0.0,0.0,0.0,0.0,33.33333333333333,0.0,0.0
2013-09-21,province,ab,295.0,1,0,295.0,0,295.0,295.0,1,295.0,0,295.0,94,295.0,0,8,1,0.0,0.0,0.0,2.711864406779661,0.3389830508474576,0.3389830508474576,31.864406779661014,0.3389830508474576,0.0
2013-09-21,province,pe,1.0,0,0,2.0,0,1.0,1.0,0,1.0,0,1.0,0,1.0,0,0,0,0.0,0.0,0.0,0.0,0.0,0.0,0.0,0.0,0.0
2013-09-22,province,on,409.0,0,0,,0,,,0,,0,,0,,0,0,0,,,,,0.0,,,0.0,0.0
2013-09-22,province,qc,412.0,1,0,,0,,,0,,0,,0,,0,0,1,,,,,0.24,,,0.24,0.0
2013-09-22,province,bc,85.0,0,0,,0,,,0,,0,,0,,0,0,0,,,,,0.0,,,0.0,0.0
2013-09-22,nation,ca,1432.0,3,0,,0,,,0,,0,,0,,0,0,3,,,,,0.21,,,0.21,0.0
2013-09-21,province,ns,11.0,0,0,16.0,0,11.0,11.0,0,11.0,0,11.0,4,11.0,0,1,0,0.0,0.0,0.0,9.090909090909092,0.0,0.0,36.36363636363637,0.0,0.0
2013-09-21,province,nl,11.0,0,0,8.0,0,8.0,8.0,0,8.0,0,,0,,0,0,0,,0.0,0.0,0.0,0.0,0.0,,0.0,0.0
2013-09-21,province,sk,100.0,1,0,100.0,1,100.0,100.0,2,100.0,0,100.0,38,100.0,0,9,1,0.0,0.0,1.0,9.0,1.0,2.0,38.0,1.0,0.0
2013-09-21,province,nb,28.0,0,0,20.0,0,19.0,34.0,1,0.0,0,0.0,0,0.0,0,0,0,0.0,0.0,0.0,0.0,0.0,2.941176470588235,0.0,0.0,0.0
2013-09-21,province,mb,80.0,0,0,44.0,0,51.0,51.0,1,13.0,0,51.0,3,13.0,0,1,0,0.0,0.0,0.0,1.9607843137254901,0.0,1.9607843137254901,5.88235294117647,0.0,0.0
2013-09-14,province,nl,7.0,0,0,7.0,0,7.0,7.0,0,7.0,0,,0,,0,0,0,,0.0,0.0,0.0,0.0,0.0,,0.0,0.0
2013-09-14,province,pe,4.0,0,0,4.0,0,4.0,4.0,0,4.0,0,4.0,2,4.0,0,0,0,0.0,0.0,0.0,0.0,0.0,0.0,50.0,0.0,0.0
2013-09-14,province,sk,113.0,0,0,113.0,0,113.0,113.0,6,113.0,1,113.0,36,113.0,0,5,0,0.0,0.8849557522123894,0.0,4.424778761061947,0.0,5.3097345132743365,31.858407079646017,0.0,0.0
2013-09-14,province,ns,0.0,0,0,0.0,0,0.0,0.0,0,0.0,0,0.0,0,0.0,0,0,0,0.0,0.0,0.0,0.0,0.0,0.0,0.0,0.0,0.0
2013-09-14,province,nb,22.0,0,0,7.0,0,5.0,5.0,0,0.0,0,0.0,0,0.0,0,0,0,0.0,0.0,0.0,0.0,0.0,0.0,0.0,0.0,0.0
2013-09-14,province,ab,258.0,0,1,258.0,2,258.0,258.0,1,258.0,0,258.0,69,258.0,0,6,1,0.0,0.0,0.7751937984496124,2.3255813953488373,0.3875968992248062,0.3875968992248062,26.744186046511626,0.0,0.3875968992248062
2013-09-14,province,mb,57.0,0,0,35.0,0,35.0,35.0,1,5.0,0,35.0,3,5.0,0,0,0,0.0,0.0,0.0,0.0,0.0,2.857142857142857,8.571428571428571,0.0,0.0
2012-08-31,province,bc,49.0,0,1,49.0,1,36.0,41.0,0,36.0,0,36.0,4,36.0,1,3,1,2.78,0.0,2.04,8.33,2.04,0.0,11.11,0.0,2.04
2012-09-07,province,qc,267.0,0,0,350.0,4,298.0,,0,191.0,0,0.0,0,116.0,0,9,0,0.0,0.0,1.14,3.02,0.0,,0.0,0.0,0.0
2012-09-08,nation,ca,,0,0,,0,,888.0,15,,0,,0,,0,0,0,,,,,,1.69,,,
2012-09-07,province,bc,44.0,0,0,44.0,0,27.0,,0,27.0,0,27.0,5,27.0,0,4,0,0.0,0.0,0.0,14.81,0.0,,18.52,0.0,0.0
2012-09-01,nation,ca,,0,0,,0,,1087.0,7,,0,,0,,0,0,0,,,,,,0.64,,,
2012-09-01,province,bc,,0,0,,0,,36.0,0,,0,,0,,0,0,0,,,,,,0.0,,,
2012-09-07,province,on,296.0,2,1,298.0,2,233.0,,0,210.0,0,137.0,38,111.0,0,7,3,0.0,0.0,0.67,3.0,1.0200000000000002,,27.74,0.68,0.34
2012-09-08,province,qc,,0,0,,0,,305.0,4,,0,,0,,0,0,0,,,,,,1.31,,,
2012-09-08,province,bc,,0,0,,0,,27.0,0,,0,,0,,0,0,0,,,,,,0.0,,,
2012-09-01,province,on,,0,0,,0,,385.0,1,,0,,0,,0,0,0,,,,,,0.26,,,
2012-09-01,province,qc,,0,0,,0,,297.0,4,,0,,0,,0,0,0,,,,,,1.35,,,
2012-08-31,province,qc,288.0,0,0,296.0,1,286.0,297.0,4,178.0,0,0.0,0,112.0,0,8,0,0.0,0.0,0.34,2.8,0.0,1.35,0.0,0.0,0.0
2012-09-08,province,on,,0,0,,0,,233.0,1,,0,,0,,0,0,0,,,,,,0.43,,,
2012-08-31,province,on,416.0,1,0,428.0,2,385.0,321.0,1,364.0,3,195.0,28,171.0,0,21,1,0.0,0.82,0.47,5.45,0.24,0.31,14.36,0.24,0.0
2012-09-07,nation,ca,980.0,2,1,1020.0,8,881.0,,0,715.0,1,471.0,109,534.0,0,27,3,0.0,0.14,0.78,3.06,0.3,,23.14,0.2,0.1
2012-08-31,nation,ca,1146.0,6,1,1138.0,6,1076.0,1018.0,7,916.0,8,582.0,113,588.0,1,41,7,0.17,0.87,0.53,3.81,0.61,0.69,19.42,0.52,0.09
2013-09-07,province,sk,104.0,0,0,84.0,0,84.0,84.0,5,84.0,1,84.0,22,84.0,0,3,0,0.0,1.1904761904761905,0.0,3.571428571428571,0.0,5.952380952380952,26.190476190476193,0.0,0.0
2013-09-07,province,pe,0.0,0,0,0.0,0,0.0,0.0,0,0.0,0,0.0,0,0.0,0,0,0,0.0,0.0,0.0,0.0,0.0,0.0,0.0,0.0,0.0
2013-09-07,province,ns,5.0,0,0,10.0,0,4.0,4.0,1,4.0,0,4.0,1,4.0,0,0,0,0.0,0.0,0.0,0.0,0.0,25.0,25.0,0.0,0.0
2013-09-07,province,nl,5.0,0,0,7.0,0,7.0,7.0,0,7.0,0,,0,,0,0,0,,0.0,0.0,0.0,0.0,0.0,,0.0,0.0
2013-09-07,province,nb,19.0,0,0,9.0,0,9.0,9.0,1,0.0,0,0.0,0,0.0,0,0,0,0.0,0.0,0.0,0.0,0.0,11.11111111111111,0.0,0.0,0.0
2013-09-07,province,mb,52.0,0,0,30.0,0,31.0,31.0,1,4.0,0,31.0,0,4.0,0,0,0,0.0,0.0,0.0,0.0,0.0,3.225806451612903,0.0,0.0,0.0
2013-09-07,province,ab,188.0,0,0,188.0,2,188.0,188.0,2,188.0,0,188.0,43,188.0,0,4,0,0.0,0.0,1.0638297872340425,2.127659574468085,0.0,1.0638297872340425,22.872340425531913,0.0,0.0
2013-08-31,province,ab,227.0,4,0,227.0,2,227.0,227.0,1,227.0,0,227.0,48,227.0,0,5,4,0.0,0.0,0.881057268722467,2.2026431718061676,1.762114537444934,0.4405286343612335,21.145374449339208,1.762114537444934,0.0
2013-08-31,province,pe,1.0,0,0,1.0,0,1.0,1.0,0,1.0,0,1.0,0,1.0,0,0,0,0.0,0.0,0.0,0.0,0.0,0.0,0.0,0.0,0.0
2013-08-31,province,ns,0.0,0,0,0.0,0,0.0,0.0,0,0.0,0,0.0,0,0.0,0,0,0,0.0,0.0,0.0,0.0,0.0,0.0,0.0,0.0,0.0
2013-08-31,province,nl,,0,0,,0,,,0,,0,,0,,0,0,0,,,,,,,,,
2013-08-31,province,nb,14.0,0,0,8.0,0,8.0,8.0,0,0.0,0,0.0,0,0.0,0,0,0,0.0,0.0,0.0,0.0,0.0,0.0,0.0,0.0,0.0
2013-08-31,province,mb,43.0,0,0,23.0,0,27.0,27.0,0,4.0,0,27.0,1,4.0,0,0,0,0.0,0.0,0.0,0.0,0.0,0.0,3.7037037037037033,0.0,0.0
2013-08-31,province,sk,96.0,1,0,96.0,0,96.0,96.0,1,96.0,5,96.0,28,37.0,0,4,1,0.0,5.208333333333334,0.0,4.166666666666666,1.0416666666666665,1.0416666666666665,29.166666666666668,1.0416666666666665,0.0
